dose,RR,lb,ub
0,1,1,1
0.13015015,0.99377279,0.992701535,0.9948452
0.2603003,0.987586158,0.985458466,0.989718445
0.39045045,0.98144162,0.978272466,0.984621041
0.520600601,0.975340648,0.971145157,0.979554264
0.650750751,0.969284671,0.964078097,0.974519363
0.780900901,0.963275079,0.957072793,0.969517558
0.911051051,0.95731322,0.950130697,0.964550039
1.041201201,0.951400403,0.943253206,0.959617971
1.171351351,0.945537901,0.936441667,0.954722492
1.301501502,0.939726945,0.929697375,0.949864713
1.431651652,0.933968731,0.923021577,0.94504572
1.561801802,0.928264421,0.916415472,0.940266572
1.691951952,0.922615138,0.909880211,0.935528307
1.822102102,0.917021974,0.903416901,0.930831933
1.952252252,0.911485986,0.897026604,0.926178441
2.082402402,0.906008199,0.890710342,0.921568795
2.212552553,0.900589607,0.884469092,0.917003937
2.342702703,0.895231173,0.878303796,0.912484788
2.472852853,0.88993383,0.872215352,0.908012248
2.603003003,0.884698485,0.866204626,0.903587196
2.733153153,0.879526013,0.860272445,0.899210491
2.863303303,0.874417266,0.854419603,0.894882973
2.993453453,0.869373068,0.848646862,0.890605464
3.123603604,0.864394221,0.84295495,0.886378767
3.253753754,0.8594815,0.837344568,0.882203668
3.383903904,0.85463566,0.831816386,0.878080936
3.514054054,0.849857431,0.826371048,0.874011325
3.644204204,0.845147527,0.82100917,0.869995572
3.774354354,0.840506638,0.815731345,0.866034402
3.904504505,0.835935436,0.810538144,0.862128523
4.034654655,0.831434577,0.805430114,0.858278632
4.164804805,0.827004699,0.800407781,0.854485412
4.294954955,0.822646425,0.795471655,0.850749535
4.425105105,0.818360361,0.790622224,0.847071661
4.555255255,0.814147102,0.785859963,0.843452441
4.685405405,0.810007229,0.78118533,0.839892515
4.815555556,0.805941312,0.776598771,0.836392513
4.945705706,0.801949908,0.772100717,0.83295306
5.075855856,0.798033567,0.767691589,0.829574769
5.206006006,0.794192828,0.7633718,0.826258251
5.336156156,0.790428134,0.759141648,0.823004028
5.466306306,0.786738841,0.755000205,0.819811704
5.596456456,0.783123623,0.750945768,0.816680293
5.726606607,0.779581169,0.746976663,0.813608817
5.856756757,0.776110196,0.743091254,0.81059632
5.986906907,0.772709447,0.739287942,0.807641861
6.117057057,0.769377694,0.735565166,0.804744519
6.247207207,0.766113731,0.731921398,0.801903388
6.377357357,0.762916381,0.728355148,0.799117581
6.507507508,0.759784487,0.724864957,0.796386226
6.637657658,0.75671692,0.721449399,0.793708468
6.767807808,0.753712572,0.718107082,0.791083468
6.897957958,0.750770355,0.714836641,0.7885104
7.028108108,0.747889207,0.711636744,0.785988456
7.158258258,0.745068085,0.708506088,0.78351684
7.288408408,0.742305967,0.705443397,0.781094772
7.418558559,0.739601852,0.702447422,0.778721484
7.548708709,0.736954756,0.699516943,0.776396222
7.678858859,0.734363717,0.696650765,0.774118247
7.809009009,0.73182779,0.693847717,0.771886831
7.939159159,0.72934605,0.691106653,0.769701257
8.069309309,0.726917585,0.688426453,0.767560824
8.199459459,0.724541506,0.685806018,0.76546484
8.32960961,0.722216937,0.683244272,0.763412626
8.45975976,0.719943018,0.680740161,0.761403513
8.58990991,0.717718908,0.678292652,0.759436843
8.72006006,0.715543777,0.675900733,0.757511971
8.85021021,0.713416812,0.673563412,0.755628259
8.98036036,0.711337217,0.671279716,0.753785083
9.110510511,0.709304206,0.669048692,0.751981826
9.240660661,0.707317009,0.666869405,0.750217881
9.370810811,0.705374869,0.664740937,0.748492651
9.500960961,0.703477042,0.662662388,0.74680555
9.631111111,0.701622797,0.660632876,0.745155997
9.761261261,0.699811415,0.658651534,0.743543423
9.891411411,0.698042188,0.65671751,0.741967267
10.02156156,0.696314422,0.654829971,0.740426974
10.15171171,0.694627432,0.652988095,0.738922
10.28186186,0.692980545,0.651191077,0.737451807
10.41201201,0.6913731,0.649438125,0.736015865
10.54216216,0.689804444,0.647728462,0.734613652
10.67231231,0.688273936,0.646061324,0.733244652
10.80246246,0.686780943,0.644435958,0.731908359
10.93261261,0.685324845,0.642851626,0.730604269
11.06276276,0.683905026,0.641307602,0.72933189
11.19291291,0.682520885,0.639803169,0.728090733
11.32306306,0.681171825,0.638337626,0.726880315
11.45321321,0.67985726,0.63691028,0.725700162
11.58336336,0.678576611,0.63552045,0.724549803
11.71351351,0.677329308,0.634167463,0.723428775
11.84366366,0.676114789,0.632850661,0.72233662
11.97381381,0.674932498,0.631569392,0.721272885
12.10396396,0.673781889,0.630323014,0.720237122
12.23411411,0.672662419,0.629110896,0.719228889
12.36426426,0.671573557,0.627932414,0.718247749
12.49441441,0.670514775,0.626786954,0.717293269
12.62456456,0.669485551,0.625673909,0.716365022
12.75471471,0.668485374,0.624592683,0.715462584
12.88486486,0.667513734,0.623542685,0.714585537
13.01501502,0.666570129,0.622523333,0.713733467
13.14516517,0.665654062,0.621534051,0.712905962
13.27531532,0.664765044,0.620574272,0.712102618
13.40546547,0.663902589,0.619643436,0.711323032
13.53561562,0.663066215,0.618740987,0.710566804
13.66576577,0.662255449,0.617866379,0.709833541
13.79591592,0.661469819,0.617019069,0.709122851
13.92606607,0.66070886,0.616198523,0.708434346
14.05621622,0.65997211,0.615404211,0.707767641
14.18636637,0.659259113,0.614635608,0.707122355
14.31651652,0.658569417,0.613892197,0.706498109
14.44666667,0.657902572,0.613173465,0.705894529
14.57681682,0.657258134,0.612478902,0.70531124
14.70696697,0.656635662,0.611808007,0.704747874
14.83711712,0.656034719,0.61116028,0.704204064
14.96726727,0.655454872,0.610535227,0.703679443
15.09741742,0.654895689,0.609932359,0.703173651
15.22756757,0.654356745,0.609351191,0.702686327
15.35771772,0.653837616,0.60879124,0.702217114
15.48786787,0.653337879,0.608252031,0.701765655
15.61801802,0.652857119,0.607733088,0.701331597
15.74816817,0.652394918,0.607233943,0.700914589
15.87831832,0.651950866,0.606754129,0.70051428
16.00846847,0.651524551,0.606293182,0.700130322
16.13861862,0.651115567,0.605850643,0.69976237
16.26876877,0.650723508,0.605426054,0.699410079
16.39891892,0.650347971,0.605018963,0.699073104
16.52906907,0.649988556,0.604628917,0.698751104
16.65921922,0.649644864,0.604255469,0.698443739
16.78936937,0.649316497,0.603898173,0.698150669
16.91951952,0.649003062,0.603556586,0.697871557
17.04966967,0.648704164,0.603230267,0.697606064
17.17981982,0.648419413,0.602918778,0.697353856
17.30996997,0.648148418,0.602621683,0.697114596
17.44012012,0.647890791,0.602338547,0.696887952
17.57027027,0.647646145,0.602068939,0.696673589
17.70042042,0.647414094,0.601812428,0.696471175
17.83057057,0.647194254,0.601568587,0.696280378
17.96072072,0.646986243,0.601336989,0.696100866
18.09087087,0.646789677,0.601117208,0.695932309
18.22102102,0.646604177,0.600908823,0.695774376
18.35117117,0.646429362,0.600711412,0.695626738
18.48132132,0.646264853,0.600524554,0.695489064
18.61147147,0.646110272,0.600347831,0.695361026
18.74162162,0.645965242,0.600180826,0.695242293
18.87177177,0.645829386,0.600023123,0.695132538
19.00192192,0.645702329,0.599874307,0.695031431
19.13207207,0.645583696,0.599733965,0.694938644
19.26222222,0.645473112,0.599601685,0.694853848
19.39237237,0.645370202,0.599477055,0.694776713
19.52252252,0.645274595,0.599359666,0.694706912
19.65267267,0.645185916,0.599249108,0.694644114
19.78282282,0.645103793,0.599144974,0.694587991
19.91297297,0.645027855,0.599046856,0.694538214
20.04312312,0.644957729,0.598954349,0.694494451
20.17327327,0.644893043,0.598867046,0.694456374
20.30342342,0.644833428,0.598784544,0.694423652
20.43357357,0.644778511,0.598706439,0.694395953
20.56372372,0.644727923,0.598632329,0.694372947
20.69387387,0.644681293,0.598561812,0.694354302
20.82402402,0.64463825,0.598494485,0.694339686
20.95417417,0.644598424,0.598429951,0.694328765
21.08432432,0.644561447,0.598367808,0.694321207
21.21447447,0.644526947,0.598307658,0.694316677
21.34462462,0.644494555,0.598249103,0.694314841
21.47477477,0.644463901,0.598191746,0.694315364
21.60492492,0.644434617,0.598135191,0.69431791
21.73507508,0.644406332,0.598079041,0.694322141
21.86522523,0.644378677,0.598022902,0.694327722
21.99537538,0.644351284,0.597966381,0.694334315
22.12552553,0.644323915,0.597909223,0.694341701
22.25567568,0.644296546,0.597851407,0.694349857
22.38582583,0.644269178,0.597792935,0.694358782
22.51597598,0.644241812,0.597733807,0.694368475
22.64612613,0.644214447,0.597674026,0.694378934
22.77627628,0.644187082,0.597613594,0.694390157
22.90642643,0.64415972,0.597552511,0.694402143
23.03657658,0.644132358,0.597490781,0.694414889
23.16672673,0.644104997,0.597428405,0.694428393
23.29687688,0.644077638,0.597365384,0.694442655
23.42702703,0.644050279,0.59730172,0.694457672
23.55717718,0.644022922,0.597237416,0.694473442
23.68732733,0.643995566,0.597172473,0.694489964
23.81747748,0.643968211,0.597106893,0.694507235
23.94762763,0.643940858,0.597040678,0.694525254
24.07777778,0.643913505,0.59697383,0.694544018
24.20792793,0.643886154,0.596906351,0.694563525
24.33807808,0.643858804,0.596838243,0.694583774
24.46822823,0.643831455,0.596769507,0.694604763
24.59837838,0.643804107,0.596700147,0.694626489
24.72852853,0.64377676,0.596630164,0.69464895
24.85867868,0.643749415,0.59655956,0.694672145
24.98882883,0.643722071,0.596488337,0.694696071
25.11897898,0.643694727,0.596416498,0.694720726
25.24912913,0.643667385,0.596344043,0.694746107
25.37927928,0.643640044,0.596270977,0.694772214
25.50942943,0.643612705,0.596197301,0.694799043
25.63957958,0.643585366,0.596123016,0.694826592
25.76972973,0.643558029,0.596048126,0.694854859
25.89987988,0.643530693,0.595972632,0.694883842
26.03003003,0.643503358,0.595896537,0.694913539
26.16018018,0.643476024,0.595819842,0.694943947
26.29033033,0.643448691,0.595742552,0.694975064
26.42048048,0.643421359,0.595664666,0.695006888
26.55063063,0.643394029,0.595586189,0.695039416
26.68078078,0.6433667,0.595507121,0.695072646
26.81093093,0.643339372,0.595427466,0.695106576
26.94108108,0.643312045,0.595347226,0.695141203
27.07123123,0.643284719,0.595266403,0.695176525
27.20138138,0.643257394,0.595185,0.695212539
27.33153153,0.643230071,0.595103019,0.695249244
27.46168168,0.643202749,0.595020462,0.695286636
27.59183183,0.643175427,0.594937332,0.695324714
27.72198198,0.643148107,0.594853631,0.695363475
27.85213213,0.643120789,0.594769362,0.695402916
27.98228228,0.643093471,0.594684527,0.695443035
28.11243243,0.643066155,0.594599129,0.695483829
28.24258258,0.643038839,0.59451317,0.695525297
28.37273273,0.643011525,0.594426652,0.695567434
28.50288288,0.642984212,0.594339578,0.69561024
28.63303303,0.6429569,0.594251951,0.695653712
28.76318318,0.642929589,0.594163773,0.695697846
28.89333333,0.64290228,0.594075046,0.695742641
29.02348348,0.642874972,0.593985774,0.695788093
29.15363363,0.642847664,0.593895958,0.695834201
29.28378378,0.642820358,0.593805601,0.695880962
29.41393393,0.642793053,0.593714706,0.695928373
29.54408408,0.64276575,0.593623276,0.695976431
29.67423423,0.642738447,0.593531312,0.696025135
29.80438438,0.642711146,0.593438817,0.696074481
29.93453453,0.642683846,0.593345795,0.696124467
30.06468468,0.642656546,0.593252247,0.696175091
30.19483483,0.642629249,0.593158176,0.696226349
30.32498498,0.642601952,0.593063585,0.696278239
30.45513514,0.642574656,0.592968476,0.696330759
30.58528529,0.642547362,0.592872852,0.696383905
30.71543544,0.642520068,0.592776715,0.696437676
30.84558559,0.642492776,0.592680069,0.696492069
30.97573574,0.642465485,0.592582915,0.696547081
31.10588589,0.642438195,0.592485257,0.696602709
31.23603604,0.642410907,0.592387097,0.696658951
31.36618619,0.642383619,0.592288437,0.696715804
31.49633634,0.642356333,0.59218928,0.696773266
31.62648649,0.642329048,0.592089629,0.696831333
31.75663664,0.642301764,0.591989487,0.696890004
31.88678679,0.642274481,0.591888855,0.696949276
32.01693694,0.642247199,0.591787737,0.697009146
32.14708709,0.642219919,0.591686135,0.697069611
32.27723724,0.642192639,0.591584053,0.697130669
32.40738739,0.642165361,0.591481491,0.697192317
32.53753754,0.642138084,0.591378454,0.697254552
32.66768769,0.642110808,0.591274944,0.697317372
32.79783784,0.642083533,0.591170962,0.697380775
32.92798799,0.64205626,0.591066513,0.697444757
33.05813814,0.642028987,0.590961599,0.697509316
33.18828829,0.642001716,0.590856221,0.69757445
33.31843844,0.641974446,0.590750384,0.697640155
33.44858859,0.641947177,0.590644089,0.697706429
33.57873874,0.641919909,0.590537339,0.69777327
33.70888889,0.641892643,0.590430136,0.697840675
33.83903904,0.641865377,0.590322484,0.697908641
33.96918919,0.641838113,0.590214385,0.697977165
34.09933934,0.64181085,0.590105841,0.698046246
34.22948949,0.641783588,0.589996855,0.69811588
34.35963964,0.641756327,0.58988743,0.698186065
34.48978979,0.641729067,0.589777567,0.698256798
34.61993994,0.641701809,0.589667271,0.698328076
34.75009009,0.641674551,0.589556543,0.698399898
34.88024024,0.641647295,0.589445386,0.69847226
35.01039039,0.64162004,0.589333803,0.69854516
35.14054054,0.641592786,0.589221796,0.698618595
35.27069069,0.641565533,0.589109367,0.698692563
35.40084084,0.641538282,0.58899652,0.698767061
35.53099099,0.641511031,0.588883256,0.698842087
35.66114114,0.641483782,0.588769579,0.698917637
35.79129129,0.641456534,0.58865549,0.69899371
35.92144144,0.641429287,0.588540993,0.699070303
36.05159159,0.641402041,0.588426089,0.699147414
36.18174174,0.641374797,0.588310782,0.699225039
36.31189189,0.641347553,0.588195074,0.699303176
36.44204204,0.641320311,0.588078968,0.699381824
36.57219219,0.64129307,0.587962465,0.699460978
36.70234234,0.64126583,0.587845569,0.699540638
36.83249249,0.641238591,0.587728282,0.6996208
36.96264264,0.641211353,0.587610606,0.699701461
37.09279279,0.641184116,0.587492543,0.69978262
37.22294294,0.641156881,0.587374098,0.699864274
37.35309309,0.641129647,0.587255271,0.69994642
37.48324324,0.641102414,0.587136065,0.700029056
37.61339339,0.641075182,0.587016483,0.700112179
37.74354354,0.641047951,0.586896527,0.700195787
37.87369369,0.641020722,0.586776199,0.700279878
38.00384384,0.640993493,0.586655503,0.700364449
38.13399399,0.640966266,0.58653444,0.700449498
38.26414414,0.64093904,0.586413012,0.700535022
38.39429429,0.640911815,0.586291223,0.700621019
38.52444444,0.640884591,0.586169074,0.700707487
38.65459459,0.640857368,0.586046569,0.700794422
38.78474474,0.640830147,0.585923708,0.700881824
38.91489489,0.640802926,0.585800495,0.700969688
39.04504505,0.640775707,0.585676932,0.701058014
39.1751952,0.640748489,0.585553022,0.701146798
39.30534535,0.640721272,0.585428766,0.701236039
39.4354955,0.640694057,0.585304167,0.701325733
39.56564565,0.640666842,0.585179227,0.701415879
39.6957958,0.640639629,0.58505395,0.701506475
39.82594595,0.640612416,0.584928335,0.701597517
39.9560961,0.640585205,0.584802388,0.701689004
40.08624625,0.640557995,0.584676108,0.701780934
40.2163964,0.640530786,0.5845495,0.701873304
40.34654655,0.640503579,0.584422564,0.701966111
40.4766967,0.640476372,0.584295303,0.702059355
40.60684685,0.640449167,0.584167721,0.702153031
40.736997,0.640421963,0.584039817,0.702247139
40.86714715,0.64039476,0.583911596,0.702341675
40.9972973,0.640367558,0.583783059,0.702436639
41.12744745,0.640340357,0.583654208,0.702532026
41.2575976,0.640313158,0.583525046,0.702627836
41.38774775,0.640285959,0.583395574,0.702724066
41.5178979,0.640258762,0.583265795,0.702820714
41.64804805,0.640231566,0.583135711,0.702917778
41.7781982,0.640204371,0.583005325,0.703015255
41.90834835,0.640177177,0.582874638,0.703113143
42.0384985,0.640149985,0.582743652,0.703211441
42.16864865,0.640122793,0.582612369,0.703310146
42.2987988,0.640095603,0.582480793,0.703409256
42.42894895,0.640068414,0.582348924,0.703508769
42.5590991,0.640041226,0.582216765,0.703608682
42.68924925,0.640014039,0.582084318,0.703708995
42.8193994,0.639986853,0.581951585,0.703809703
42.94954955,0.639959669,0.581818568,0.703910807
43.0796997,0.639932486,0.581685269,0.704012303
43.20984985,0.639905303,0.581551691,0.704114189
43.34,0.639878122,0.581417834,0.704216464
43.47015015,0.639850942,0.581283702,0.704319126
43.6003003,0.639823764,0.581149295,0.704422171
43.73045045,0.639796586,0.581014617,0.704525599
43.8606006,0.63976941,0.58087967,0.704629407
43.99075075,0.639742234,0.580744454,0.704733594
44.1209009,0.63971506,0.580608972,0.704838157
44.25105105,0.639687887,0.580473227,0.704943095
44.3812012,0.639660715,0.580337219,0.705048405
44.51135135,0.639633545,0.580200952,0.705154086
44.6415015,0.639606375,0.580064426,0.705260135
44.77165165,0.639579207,0.579927644,0.705366551
44.9018018,0.63955204,0.579790607,0.705473331
45.03195195,0.639524873,0.579653319,0.705580475
45.1621021,0.639497709,0.579515779,0.705687979
45.29225225,0.639470545,0.579377991,0.705795843
45.4224024,0.639443382,0.579239956,0.705904064
45.55255255,0.639416221,0.579101677,0.70601264
45.6827027,0.63938906,0.578963154,0.70612157
45.81285285,0.639361901,0.578824389,0.706230851
45.943003,0.639334743,0.578685385,0.706340482
46.07315315,0.639307587,0.578546144,0.706450461
46.2033033,0.639280431,0.578406666,0.706560787
46.33345345,0.639253276,0.578266955,0.706671457
46.4636036,0.639226123,0.578127011,0.706782469
46.59375375,0.639198971,0.577986837,0.706893822
46.7239039,0.63917182,0.577846433,0.707005515
46.85405405,0.63914467,0.577705803,0.707117544
46.9842042,0.639117521,0.577564948,0.70722991
47.11435435,0.639090373,0.577423868,0.707342609
47.2445045,0.639063227,0.577282567,0.70745564
47.37465465,0.639036082,0.577141046,0.707569001
47.5048048,0.639008938,0.576999306,0.707682692
47.63495495,0.638981795,0.57685735,0.707796709
47.76510511,0.638954653,0.576715178,0.707911051
47.89525526,0.638927512,0.576572793,0.708025718
48.02540541,0.638900373,0.576430196,0.708140706
48.15555556,0.638873234,0.576287389,0.708256014
48.28570571,0.638846097,0.576144374,0.708371641
48.41585586,0.638818961,0.576001152,0.708487585
48.54600601,0.638791826,0.575857724,0.708603844
48.67615616,0.638764692,0.575714093,0.708720417
48.80630631,0.63873756,0.575570259,0.708837303
48.93645646,0.638710428,0.575426225,0.708954498
49.06660661,0.638683298,0.575281993,0.709072003
49.19675676,0.638656169,0.575137562,0.709189815
49.32690691,0.638629041,0.574992937,0.709307933
49.45705706,0.638601914,0.574848117,0.709426355
49.58720721,0.638574788,0.574703104,0.70954508
49.71735736,0.638547664,0.5745579,0.709664106
49.84750751,0.63852054,0.574412506,0.709783432
49.97765766,0.638493418,0.574266925,0.709903056
50.10780781,0.638466297,0.574121156,0.710022976
50.23795796,0.638439177,0.573975203,0.710143192
50.36810811,0.638412058,0.573829066,0.710263701
50.49825826,0.63838494,0.573682747,0.710384502
50.62840841,0.638357824,0.573536247,0.710505593
50.75855856,0.638330709,0.573389568,0.710626974
50.88870871,0.638303594,0.573242711,0.710748643
51.01885886,0.638276481,0.573095677,0.710870598
51.14900901,0.63824937,0.572948469,0.710992837
51.27915916,0.638222259,0.572801087,0.71111536
51.40930931,0.638195149,0.572653533,0.711238165
51.53945946,0.638168041,0.572505809,0.711361251
51.66960961,0.638140934,0.572357915,0.711484616
51.79975976,0.638113827,0.572209853,0.711608258
51.92990991,0.638086722,0.572061625,0.711732177
52.06006006,0.638059619,0.571913231,0.711856371
52.19021021,0.638032516,0.571764673,0.711980838
52.32036036,0.638005414,0.571615953,0.712105578
52.45051051,0.637978314,0.571467072,0.712230589
52.58066066,0.637951215,0.571318031,0.712355869
52.71081081,0.637924117,0.571168832,0.712481417
52.84096096,0.63789702,0.571019475,0.712607233
52.97111111,0.637869924,0.570869963,0.712733313
53.10126126,0.63784283,0.570720296,0.712859659
53.23141141,0.637815736,0.570570475,0.712986267
53.36156156,0.637788644,0.570420503,0.713113137
53.49171171,0.637761553,0.57027038,0.713240267
53.62186186,0.637734463,0.570120107,0.713367657
53.75201201,0.637707374,0.569969686,0.713495304
53.88216216,0.637680286,0.569819118,0.713623208
54.01231231,0.6376532,0.569668405,0.713751367
54.14246246,0.637626114,0.569517547,0.713879781
54.27261261,0.63759903,0.569366545,0.714008447
54.40276276,0.637571947,0.569215402,0.714137365
54.53291291,0.637544865,0.569064118,0.714266534
54.66306306,0.637517784,0.568912693,0.714395951
54.79321321,0.637490704,0.568761131,0.714525617
54.92336336,0.637463626,0.568609431,0.71465553
55.05351351,0.637436549,0.568457595,0.714785688
55.18366366,0.637409472,0.568305624,0.714916091
55.31381381,0.637382397,0.56815352,0.715046737
55.44396396,0.637355323,0.568001282,0.715177625
55.57411411,0.637328251,0.567848914,0.715308754
55.70426426,0.637301179,0.567696414,0.715440123
55.83441441,0.637274109,0.567543786,0.715571731
55.96456456,0.637247039,0.56739103,0.715703577
56.09471471,0.637219971,0.567238146,0.715835658
56.22486486,0.637192904,0.567085137,0.715967975
56.35501502,0.637165838,0.566932002,0.716100527
56.48516517,0.637138774,0.566778745,0.716233311
56.61531532,0.63711171,0.566625364,0.716366328
56.74546547,0.637084648,0.566471862,0.716499575
56.87561562,0.637057586,0.566318239,0.716633052
57.00576577,0.637030526,0.566164498,0.716766758
57.13591592,0.637003467,0.566010637,0.716900692
57.26606607,0.63697641,0.56585666,0.717034852
57.39621622,0.636949353,0.565702566,0.717169238
57.52636637,0.636922297,0.565548357,0.717303849
57.65651652,0.636895243,0.565394034,0.717438683
57.78666667,0.63686819,0.565239597,0.717573739
57.91681682,0.636841138,0.565085049,0.717709017
58.04696697,0.636814087,0.564930389,0.717844516
58.17711712,0.636787037,0.564775619,0.717980233
58.30726727,0.636759989,0.56462074,0.71811617
58.43741742,0.636732941,0.564465753,0.718252323
58.56756757,0.636705895,0.564310658,0.718388693
58.69771772,0.63667885,0.564155458,0.718525279
58.82786787,0.636651806,0.564000152,0.718662079
58.95801802,0.636624763,0.563844742,0.718799092
59.08816817,0.636597721,0.563689228,0.718936318
59.21831832,0.63657068,0.563533613,0.719073756
59.34846847,0.636543641,0.563377895,0.719211404
59.47861862,0.636516603,0.563222078,0.719349261
59.60876877,0.636489566,0.56306616,0.719487328
59.73891892,0.63646253,0.562910144,0.719625602
59.86906907,0.636435495,0.562754031,0.719764084
59.99921922,0.636408461,0.56259782,0.719902771
60.12936937,0.636381429,0.562441514,0.720041663
60.25951952,0.636354397,0.562285112,0.720180759
60.38966967,0.636327367,0.562128617,0.720320059
60.51981982,0.636300338,0.561972028,0.72045956
60.64996997,0.63627331,0.561815347,0.720599264
60.78012012,0.636246283,0.561658574,0.720739167
60.91027027,0.636219258,0.561501711,0.720879271
61.04042042,0.636192233,0.561344758,0.721019573
61.17057057,0.63616521,0.561187716,0.721160073
61.30072072,0.636138188,0.561030586,0.72130077
61.43087087,0.636111166,0.560873369,0.721441664
61.56102102,0.636084147,0.560716065,0.721582752
61.69117117,0.636057128,0.560558676,0.721724035
61.82132132,0.63603011,0.560401202,0.721865512
61.95147147,0.636003094,0.560243645,0.722007182
62.08162162,0.635976078,0.560086004,0.722149044
62.21177177,0.635949064,0.559928281,0.722291097
62.34192192,0.635922051,0.559770477,0.72243334
62.47207207,0.635895039,0.559612592,0.722575773
62.60222222,0.635868029,0.559454627,0.722718394
62.73237237,0.635841019,0.559296583,0.722861204
62.86252252,0.635814011,0.559138461,0.723004201
62.99267267,0.635787003,0.558980262,0.723147384
63.12282282,0.635759997,0.558821985,0.723290752
63.25297297,0.635732992,0.558663633,0.723434306
63.38312312,0.635705988,0.558505206,0.723578043
63.51327327,0.635678986,0.558346704,0.723721964
63.64342342,0.635651984,0.558188128,0.723866067
63.77357357,0.635624984,0.55802948,0.724010352
63.90372372,0.635597985,0.557870759,0.724154818
64.03387387,0.635570986,0.557711967,0.724299464
64.16402402,0.63554399,0.557553105,0.724444289
64.29417417,0.635516994,0.557394172,0.724589294
64.42432432,0.635489999,0.55723517,0.724734476
64.55447447,0.635463006,0.557076099,0.724879836
64.68462462,0.635436013,0.556916961,0.725025372
64.81477477,0.635409022,0.556757756,0.725171084
64.94492492,0.635382032,0.556598484,0.725316971
65.07507508,0.635355043,0.556439146,0.725463033
65.20522523,0.635328055,0.556279744,0.725609268
65.33537538,0.635301069,0.556120277,0.725755676
65.46552553,0.635274083,0.555960747,0.725902257
65.59567568,0.635247099,0.555801153,0.726049009
65.72582583,0.635220115,0.555641498,0.726195932
65.85597598,0.635193133,0.55548178,0.726343025
65.98612613,0.635166153,0.555322002,0.726490288
66.11627628,0.635139173,0.555162164,0.72663772
66.24642643,0.635112194,0.555002265,0.72678532
66.37657658,0.635085217,0.554842308,0.726933088
66.50672673,0.63505824,0.554682293,0.727081022
66.63687688,0.635031265,0.55452222,0.727229123
66.76702703,0.635004291,0.55436209,0.727377389
66.89717718,0.634977318,0.554201903,0.727525821
67.02732733,0.634950347,0.554041661,0.727674416
67.15747748,0.634923376,0.553881364,0.727823176
67.28762763,0.634896407,0.553721012,0.727972098
67.41777778,0.634869438,0.553560606,0.728121183
67.54792793,0.634842471,0.553400147,0.72827043
67.67807808,0.634815505,0.553239636,0.728419837
67.80822823,0.63478854,0.553079072,0.728569406
67.93837838,0.634761576,0.552918457,0.728719134
68.06852853,0.634734614,0.552757791,0.728869021
68.19867868,0.634707652,0.552597075,0.729019067
68.32882883,0.634680692,0.552436309,0.729169272
68.45897898,0.634653733,0.552275494,0.729319634
68.58912913,0.634626775,0.55211463,0.729470153
68.71927928,0.634599818,0.551953719,0.729620828
68.84942943,0.634572862,0.55179276,0.729771659
68.97957958,0.634545908,0.551631755,0.729922645
69.10972973,0.634518955,0.551470703,0.730073785
69.23987988,0.634492002,0.551309606,0.73022508
69.37003003,0.634465051,0.551148463,0.730376528
69.50018018,0.634438101,0.550987277,0.730528129
69.63033033,0.634411152,0.550826046,0.730679882
69.76048048,0.634384205,0.550664771,0.730831787
69.89063063,0.634357258,0.550503454,0.730983844
70.02078078,0.634330313,0.550342095,0.73113605
70.15093093,0.634303368,0.550180694,0.731288407
70.28108108,0.634276425,0.550019251,0.731440914
70.41123123,0.634249483,0.549857768,0.73159357
70.54138138,0.634222543,0.549696244,0.731746374
70.67153153,0.634195603,0.549534681,0.731899326
70.80168168,0.634168664,0.549373079,0.732052425
70.93183183,0.634141727,0.549211438,0.732205671
71.06198198,0.634114791,0.549049759,0.732359064
71.19213213,0.634087856,0.548888043,0.732512602
71.32228228,0.634060922,0.548726289,0.732666286
71.45243243,0.634033989,0.548564499,0.732820115
71.58258258,0.634007057,0.548402672,0.732974088
71.71273273,0.633980127,0.54824081,0.733128205
71.84288288,0.633953197,0.548078913,0.733282465
71.97303303,0.633926269,0.547916982,0.733436867
72.10318318,0.633899342,0.547755016,0.733591413
72.23333333,0.633872416,0.547593016,0.733746099
72.36348348,0.633845491,0.547430984,0.733900928
72.49363363,0.633818567,0.547268918,0.734055897
72.62378378,0.633791645,0.547106821,0.734211006
72.75393393,0.633764724,0.546944691,0.734366255
72.88408408,0.633737803,0.546782531,0.734521644
73.01423423,0.633710884,0.546620339,0.734677171
73.14438438,0.633683966,0.546458118,0.734832837
73.27453453,0.63365705,0.546295866,0.734988641
73.40468468,0.633630134,0.546133585,0.735144583
73.53483483,0.633603219,0.545971275,0.735300661
73.66498498,0.633576306,0.545808937,0.735456876
73.79513514,0.633549394,0.54564657,0.735613227
73.92528529,0.633522483,0.545484176,0.735769714
74.05543544,0.633495573,0.545321754,0.735926336
74.18558559,0.633468664,0.545159306,0.736083093
74.31573574,0.633441756,0.544996832,0.736239984
74.44588589,0.63341485,0.544834331,0.736397009
74.57603604,0.633387944,0.544671805,0.736554168
74.70618619,0.63336104,0.544509254,0.736711459
74.83633634,0.633334137,0.544346679,0.736868883
74.96648649,0.633307235,0.544184079,0.737026439
75.09663664,0.633280334,0.544021456,0.737184127
75.22678679,0.633253435,0.543858809,0.737341946
75.35693694,0.633226536,0.543696139,0.737499896
75.48708709,0.633199639,0.543533447,0.737657977
75.61723724,0.633172743,0.543370732,0.737816187
75.74738739,0.633145847,0.543207996,0.737974527
75.87753754,0.633118954,0.543045239,0.738132996
76.00768769,0.633092061,0.542882461,0.738291594
76.13783784,0.633065169,0.542719662,0.738450321
76.26798799,0.633038279,0.542556843,0.738609175
76.39813814,0.633011389,0.542394004,0.738768157
76.52828829,0.632984501,0.542231146,0.738927267
76.65843844,0.632957614,0.542068269,0.739086503
76.78858859,0.632930728,0.541905373,0.739245865
76.91873874,0.632903843,0.54174246,0.739405353
77.04888889,0.632876959,0.541579528,0.739564967
77.17903904,0.632850077,0.541416579,0.739724706
77.30918919,0.632823196,0.541253613,0.73988457
77.43933934,0.632796315,0.54109063,0.740044559
77.56948949,0.632769436,0.540927631,0.740204671
77.69963964,0.632742558,0.540764616,0.740364908
77.82978979,0.632715681,0.540601586,0.740525267
77.95993994,0.632688806,0.54043854,0.74068575
78.09009009,0.632661931,0.540275479,0.740846355
78.22024024,0.632635058,0.540112404,0.741007082
78.35039039,0.632608186,0.539949315,0.741167931
78.48054054,0.632581315,0.539786212,0.741328902
78.61069069,0.632554445,0.539623095,0.741489994
78.74084084,0.632527576,0.539459965,0.741651206
78.87099099,0.632500708,0.539296823,0.741812539
79.00114114,0.632473842,0.539133668,0.741973992
79.13129129,0.632446976,0.538970502,0.742135565
79.26144144,0.632420112,0.538807323,0.742297257
79.39159159,0.632393249,0.538644133,0.742459068
79.52174174,0.632366387,0.538480932,0.742620998
79.65189189,0.632339526,0.538317721,0.742783046
79.78204204,0.632312666,0.538154498,0.742945212
79.91219219,0.632285808,0.537991266,0.743107496
80.04234234,0.63225895,0.537828025,0.743269897
80.17249249,0.632232094,0.537664773,0.743432415
80.30264264,0.632205239,0.537501513,0.743595049
80.43279279,0.632178385,0.537338244,0.7437578
80.56294294,0.632151532,0.537174967,0.743920667
80.69309309,0.63212468,0.537011681,0.74408365
80.82324324,0.63209783,0.536848388,0.744246747
80.95339339,0.63207098,0.536685087,0.74440996
81.08354354,0.632044132,0.536521779,0.744573288
81.21369369,0.632017285,0.536358464,0.74473673
81.34384384,0.631990439,0.536195142,0.744900286
81.47399399,0.631963594,0.536031815,0.745063956
81.60414414,0.63193675,0.535868481,0.745227739
81.73429429,0.631909908,0.535705142,0.745391635
81.86444444,0.631883066,0.535541797,0.745555644
81.99459459,0.631856226,0.535378447,0.745719766
82.12474474,0.631829387,0.535215093,0.745884
82.25489489,0.631802549,0.535051734,0.746048346
82.38504505,0.631775712,0.53488837,0.746212803
82.5151952,0.631748876,0.534725003,0.746377372
82.64534535,0.631722042,0.534561633,0.746542051
82.7754955,0.631695208,0.534398259,0.746706841
82.90564565,0.631668376,0.534234882,0.746871742
83.0357958,0.631641545,0.534071502,0.747036753
83.16594595,0.631614715,0.53390812,0.747201874
83.2960961,0.631587886,0.533744735,0.747367104
83.42624625,0.631561058,0.533581349,0.747532444
83.5563964,0.631534231,0.533417961,0.747697892
83.68654655,0.631507406,0.533254572,0.747863449
83.8166967,0.631480581,0.533091182,0.748029115
83.94684685,0.631453758,0.53292779,0.748194889
84.076997,0.631426936,0.532764399,0.74836077
84.20714715,0.631400115,0.532601007,0.748526759
84.3372973,0.631373295,0.532437614,0.748692856
84.46744745,0.631346477,0.532274223,0.748859059
84.5975976,0.631319659,0.532110831,0.74902537
84.72774775,0.631292843,0.531947441,0.749191786
84.8578979,0.631266028,0.531784051,0.749358309
84.98804805,0.631239214,0.531620663,0.749524938
85.1181982,0.631212401,0.531457277,0.749691673
85.24834835,0.631185589,0.531293892,0.749858513
85.3784985,0.631158778,0.531130509,0.750025458
85.50864865,0.631131969,0.530967128,0.750192508
85.6387988,0.63110516,0.53080375,0.750359663
85.76894895,0.631078353,0.530640375,0.750526922
85.8990991,0.631051547,0.530477003,0.750694285
86.02924925,0.631024742,0.530313634,0.750861753
86.1593994,0.630997938,0.530150269,0.751029323
86.28954955,0.630971135,0.529986907,0.751196998
86.4196997,0.630944334,0.52982355,0.751364775
86.54984985,0.630917533,0.529660196,0.751532655
86.68,0.630890734,0.529496847,0.751700638
86.81015015,0.630863936,0.529333503,0.751868724
86.9403003,0.630837139,0.529170164,0.752036911
87.07045045,0.630810343,0.52900683,0.7522052
87.2006006,0.630783548,0.528843502,0.752373591
87.33075075,0.630756755,0.528680179,0.752542084
87.4609009,0.630729962,0.528516862,0.752710678
87.59105105,0.630703171,0.528353551,0.752879372
87.7212012,0.630676381,0.528190246,0.753048168
87.85135135,0.630649592,0.528026948,0.753217064
87.9815015,0.630622804,0.527863657,0.75338606
88.11165165,0.630596017,0.527700372,0.753555156
88.2418018,0.630569231,0.527537095,0.753724352
88.37195195,0.630542447,0.527373826,0.753893648
88.5021021,0.630515663,0.527210564,0.754063042
88.63225225,0.630488881,0.52704731,0.754232537
88.7624024,0.6304621,0.526884064,0.75440213
88.89255255,0.63043532,0.526720826,0.754571821
89.0227027,0.630408541,0.526557597,0.754741611
89.15285285,0.630381764,0.526394376,0.7549115
89.283003,0.630354987,0.526231164,0.755081486
89.41315315,0.630328212,0.526067962,0.75525157
89.5433033,0.630301437,0.525904769,0.755421752
89.67345345,0.630274664,0.525741585,0.755592031
89.8036036,0.630247892,0.525578412,0.755762408
89.93375375,0.630221121,0.525415248,0.755932881
90.0639039,0.630194352,0.525252094,0.756103451
90.19405405,0.630167583,0.525088951,0.756274118
90.3242042,0.630140816,0.524925818,0.756444881
90.45435435,0.630114049,0.524762696,0.75661574
90.5845045,0.630087284,0.524599585,0.756786695
90.71465465,0.63006052,0.524436485,0.756957746
90.8448048,0.630033757,0.524273396,0.757128892
90.97495495,0.630006996,0.524110319,0.757300133
91.10510511,0.629980235,0.523947254,0.75747147
91.23525526,0.629953476,0.5237842,0.757642902
91.36540541,0.629926717,0.523621159,0.757814428
91.49555556,0.62989996,0.52345813,0.757986049
91.62570571,0.629873204,0.523295113,0.758157764
91.75585586,0.629846449,0.523132109,0.758329573
91.88600601,0.629819695,0.522969118,0.758501476
92.01615616,0.629792943,0.52280614,0.758673473
92.14630631,0.629766191,0.522643176,0.758845564
92.27645646,0.629739441,0.522480224,0.759017748
92.40660661,0.629712691,0.522317287,0.759190025
92.53675676,0.629685943,0.522154363,0.759362395
92.66690691,0.629659196,0.521991452,0.759534857
92.79705706,0.62963245,0.521828557,0.759707413
92.92720721,0.629605706,0.521665675,0.759880061
93.05735736,0.629578962,0.521502808,0.760052801
93.18750751,0.62955222,0.521339955,0.760225633
93.31765766,0.629525478,0.521177117,0.760398557
93.44780781,0.629498738,0.521014295,0.760571573
93.57795796,0.629471999,0.520851487,0.76074468
93.70810811,0.629445261,0.520688695,0.760917878
93.83825826,0.629418525,0.520525918,0.761091168
93.96840841,0.629391789,0.520363157,0.761264549
94.09855856,0.629365054,0.520200412,0.76143802
94.22870871,0.629338321,0.520037683,0.761611583
94.35885886,0.629311589,0.519874969,0.761785235
94.48900901,0.629284858,0.519712273,0.761958978
94.61915916,0.629258128,0.519549592,0.762132811
94.74930931,0.629231399,0.519386929,0.762306734
94.87945946,0.629204671,0.519224282,0.762480747
95.00960961,0.629177945,0.519061652,0.762654849
95.13975976,0.629151219,0.51889904,0.762829041
95.26990991,0.629124495,0.518736444,0.763003322
95.40006006,0.629097772,0.518573866,0.763177693
95.53021021,0.62907105,0.518411306,0.763352152
95.66036036,0.629044329,0.518248764,0.7635267
95.79051051,0.62901761,0.518086239,0.763701337
95.92066066,0.628990891,0.517923732,0.763876062
96.05081081,0.628964173,0.517761244,0.764050875
96.18096096,0.628937457,0.517598774,0.764225777
96.31111111,0.628910742,0.517436323,0.764400766
96.44126126,0.628884028,0.51727389,0.764575843
96.57141141,0.628857315,0.517111476,0.764751008
96.70156156,0.628830603,0.516949081,0.764926261
96.83171171,0.628803893,0.516786705,0.765101601
96.96186186,0.628777183,0.516624348,0.765277028
97.09201201,0.628750475,0.516462011,0.765452542
97.22216216,0.628723767,0.516299694,0.765628143
97.35231231,0.628697061,0.516137396,0.765803831
97.48246246,0.628670356,0.515975118,0.765979605
97.61261261,0.628643653,0.51581286,0.766155466
97.74276276,0.62861695,0.515650622,0.766331413
97.87291291,0.628590248,0.515488404,0.766507447
98.00306306,0.628563548,0.515326206,0.766683566
98.13321321,0.628536849,0.51516403,0.766859771
98.26336336,0.62851015,0.515001874,0.767036062
98.39351351,0.628483453,0.514839738,0.767212438
98.52366366,0.628456757,0.514677624,0.7673889
98.65381381,0.628430063,0.514515531,0.767565447
98.78396396,0.628403369,0.514353459,0.76774208
98.91411411,0.628376677,0.514191408,0.767918797
99.04426426,0.628349985,0.514029379,0.768095599
99.17441441,0.628323295,0.513867371,0.768272486
99.30456456,0.628296606,0.513705386,0.768449457
99.43471471,0.628269918,0.513543422,0.768626513
99.56486486,0.628243231,0.51338148,0.768803653
99.69501502,0.628216545,0.51321956,0.768980878
99.82516517,0.628189861,0.513057663,0.769158186
99.95531532,0.628163177,0.512895788,0.769335578
100.0854655,0.628136495,0.512733935,0.769513054
100.2156156,0.628109814,0.512572105,0.769690614
100.3457658,0.628083134,0.512410298,0.769868257
100.4759159,0.628056455,0.512248514,0.770045984
100.6060661,0.628029777,0.512086753,0.770223793
100.7362162,0.628003101,0.511925015,0.770401686
100.8663664,0.627976425,0.5117633,0.770579662
100.9965165,0.627949751,0.511601608,0.77075772
101.1266667,0.627923077,0.51143994,0.770935862
101.2568168,0.627896405,0.511278296,0.771114086
101.386967,0.627869734,0.511116676,0.771292392
101.5171171,0.627843065,0.510955079,0.771470781
101.6472673,0.627816396,0.510793506,0.771649252
101.7774174,0.627789728,0.510631958,0.771827805
101.9075676,0.627763062,0.510470434,0.772006439
102.0377177,0.627736397,0.510308934,0.772185156
102.1678679,0.627709732,0.510147458,0.772363955
102.298018,0.627683069,0.509986007,0.772542835
102.4281682,0.627656407,0.509824581,0.772721796
102.5583183,0.627629747,0.509663179,0.772900839
102.6884685,0.627603087,0.509501803,0.773079963
102.8186186,0.627576429,0.509340451,0.773259168
102.9487688,0.627549771,0.509179125,0.773438454
103.0789189,0.627523115,0.509017824,0.773617821
103.2090691,0.62749646,0.508856548,0.773797269
103.3392192,0.627469806,0.508695297,0.773976798
103.4693694,0.627443153,0.508534073,0.774156407
103.5995195,0.627416501,0.508372873,0.774336096
103.7296697,0.627389851,0.5082117,0.774515866
103.8598198,0.627363201,0.508050553,0.774695715
103.98997,0.627336553,0.507889431,0.774875645
104.1201201,0.627309906,0.507728336,0.775055655
104.2502703,0.62728326,0.507567267,0.775235745
104.3804204,0.627256615,0.507406224,0.775415914
104.5105706,0.627229971,0.507245207,0.775596163
104.6407207,0.627203328,0.507084217,0.775776491
104.7708709,0.627176687,0.506923254,0.775956899
104.901021,0.627150046,0.506762318,0.776137386
105.0311712,0.627123407,0.506601408,0.776317953
105.1613213,0.627096769,0.506440525,0.776498598
105.2914715,0.627070132,0.506279669,0.776679322
105.4216216,0.627043496,0.506118841,0.776860126
105.5517718,0.627016861,0.505958039,0.777041008
105.6819219,0.626990228,0.505797265,0.777221968
105.8120721,0.626963595,0.505636518,0.777403007
105.9422222,0.626936964,0.505475799,0.777584125
106.0723724,0.626910334,0.505315108,0.777765321
106.2025225,0.626883705,0.505154444,0.777946595
106.3326727,0.626857077,0.504993808,0.778127947
106.4628228,0.62683045,0.504833199,0.778309377
106.592973,0.626803824,0.504672619,0.778490885
106.7231231,0.6267772,0.504512067,0.778672471
106.8532733,0.626750576,0.504351543,0.778854135
106.9834234,0.626723954,0.504191048,0.779035876
107.1135736,0.626697333,0.50403058,0.779217695
107.2437237,0.626670713,0.503870141,0.779399591
107.3738739,0.626644094,0.503709731,0.779581565
107.504024,0.626617476,0.50354935,0.779763616
107.6341742,0.62659086,0.503388997,0.779945743
107.7643243,0.626564244,0.503228673,0.780127948
107.8944745,0.62653763,0.503068377,0.78031023
108.0246246,0.626511016,0.502908111,0.780492589
108.1547748,0.626484404,0.502747874,0.780675024
108.2849249,0.626457793,0.502587666,0.780857536
108.4150751,0.626431183,0.502427487,0.781040125
108.5452252,0.626404575,0.502267338,0.78122279
108.6753754,0.626377967,0.502107218,0.781405532
108.8055255,0.626351361,0.501947128,0.781588349
108.9356757,0.626324755,0.501787067,0.781771243
109.0658258,0.626298151,0.501627036,0.781954213
109.195976,0.626271548,0.501467034,0.782137259
109.3261261,0.626244946,0.501307063,0.782320381
109.4562763,0.626218345,0.501147121,0.782503579
109.5864264,0.626191746,0.50098721,0.782686852
109.7165766,0.626165147,0.500827328,0.782870201
109.8467267,0.62613855,0.500667477,0.783053626
109.9768769,0.626111953,0.500507656,0.783237126
110.107027,0.626085358,0.500347865,0.783420702
110.2371772,0.626058764,0.500188105,0.783604352
110.3673273,0.626032171,0.500028375,0.783788078
110.4974775,0.626005579,0.499868676,0.78397188
110.6276276,0.625978989,0.499709007,0.784155756
110.7577778,0.625952399,0.49954937,0.784339707
110.8879279,0.625925811,0.499389763,0.784523733
111.0180781,0.625899224,0.499230187,0.784707833
111.1482282,0.625872637,0.499070641,0.784892009
111.2783784,0.625846052,0.498911127,0.785076259
111.4085285,0.625819469,0.498751644,0.785260583
111.5386787,0.625792886,0.498592193,0.785444983
111.6688288,0.625766304,0.498432772,0.785629456
111.798979,0.625739724,0.498273383,0.785814004
111.9291291,0.625713144,0.498114025,0.785998625
112.0592793,0.625686566,0.497954699,0.786183321
112.1894294,0.625659989,0.497795404,0.786368091
112.3195796,0.625633413,0.497636141,0.786552935
112.4497297,0.625606838,0.49747691,0.786737853
112.5798799,0.625580265,0.49731771,0.786922845
112.71003,0.625553692,0.497158543,0.78710791
112.8401802,0.62552712,0.496999407,0.787293049
112.9703303,0.62550055,0.496840303,0.787478262
113.1004805,0.625473981,0.496681231,0.787663548
113.2306306,0.625447413,0.496522192,0.787848908
113.3607808,0.625420846,0.496363184,0.788034341
113.4909309,0.62539428,0.496204209,0.788219847
113.6210811,0.625367715,0.496045266,0.788405426
113.7512312,0.625341152,0.495886356,0.788591078
113.8813814,0.625314589,0.495727478,0.788776804
114.0115315,0.625288028,0.495568633,0.788962602
114.1416817,0.625261468,0.49540982,0.789148474
114.2718318,0.625234909,0.49525104,0.789334418
114.401982,0.625208351,0.495092293,0.789520435
114.5321321,0.625181794,0.494933578,0.789706524
114.6622823,0.625155239,0.494774897,0.789892686
114.7924324,0.625128684,0.494616248,0.790078921
114.9225826,0.625102131,0.494457632,0.790265228
115.0527327,0.625075578,0.49429905,0.790451608
115.1828829,0.625049027,0.4941405,0.79063806
115.313033,0.625022477,0.493981984,0.790824584
115.4431832,0.624995928,0.493823501,0.79101118
115.5733333,0.624969381,0.493665052,0.791197848
115.7034835,0.624942834,0.493506635,0.791384589
115.8336336,0.624916288,0.493348253,0.791571401
115.9637838,0.624889744,0.493189903,0.791758286
116.0939339,0.624863201,0.493031588,0.791945242
116.2240841,0.624836659,0.492873305,0.79213227
116.3542342,0.624810118,0.492715057,0.792319369
116.4843844,0.624783578,0.492556842,0.79250654
116.6145345,0.624757039,0.492398662,0.792693783
116.7446847,0.624730501,0.492240515,0.792881097
116.8748348,0.624703965,0.492082402,0.793068483
117.004985,0.62467743,0.491924323,0.79325594
117.1351351,0.624650895,0.491766278,0.793443469
117.2652853,0.624624362,0.491608267,0.793631068
117.3954354,0.62459783,0.49145029,0.793818739
117.5255856,0.624571299,0.491292348,0.794006481
117.6557357,0.62454477,0.49113444,0.794194294
117.7858859,0.624518241,0.490976566,0.794382178
117.916036,0.624491714,0.490818726,0.794570133
118.0461862,0.624465187,0.490660921,0.794758158
118.1763363,0.624438662,0.490503151,0.794946255
118.3064865,0.624412138,0.490345415,0.795134422
118.4366366,0.624385615,0.490187714,0.79532266
118.5667868,0.624359093,0.490030047,0.795510968
118.6969369,0.624332573,0.489872415,0.795699347
118.8270871,0.624306053,0.489714818,0.795887797
118.9572372,0.624279534,0.489557256,0.796076317
119.0873874,0.624253017,0.489399729,0.796264907
119.2175375,0.624226501,0.489242236,0.796453568
119.3476877,0.624199986,0.489084779,0.796642299
119.4778378,0.624173472,0.488927356,0.7968311
119.607988,0.624146959,0.488769969,0.797019971
119.7381381,0.624120447,0.488612617,0.797208912
119.8682883,0.624093937,0.4884553,0.797397923
119.9984384,0.624067427,0.488298018,0.797587005
120.1285886,0.624040919,0.488140772,0.797776156
120.2587387,0.624014412,0.487983561,0.797965377
120.3888889,0.623987906,0.487826385,0.798154668
120.519039,0.623961401,0.487669245,0.798344028
120.6491892,0.623934897,0.487512141,0.798533458
120.7793393,0.623908394,0.487355072,0.798722958
120.9094895,0.623881893,0.487198038,0.798912527
121.0396396,0.623855392,0.48704104,0.799102166
121.1697898,0.623828893,0.486884078,0.799291875
121.2999399,0.623802395,0.486727152,0.799481652
121.4300901,0.623775898,0.486570262,0.799671499
121.5602402,0.623749402,0.486413407,0.799861416
121.6903904,0.623722907,0.486256588,0.800051401
121.8205405,0.623696413,0.486099805,0.800241456
121.9506907,0.623669921,0.485943058,0.80043158
122.0808408,0.623643429,0.485786348,0.800621773
122.210991,0.623616939,0.485629673,0.800812035
122.3411411,0.62359045,0.485473034,0.801002366
122.4712913,0.623563962,0.485316432,0.801192766
122.6014414,0.623537475,0.485159866,0.801383234
122.7315916,0.623510989,0.485003336,0.801573772
122.8617417,0.623484504,0.484846842,0.801764378
122.9918919,0.623458021,0.484690385,0.801955053
123.122042,0.623431538,0.484533964,0.802145797
123.2521922,0.623405057,0.48437758,0.802336609
123.3823423,0.623378577,0.484221232,0.80252749
123.5124925,0.623352098,0.484064921,0.802718439
123.6426426,0.62332562,0.483908646,0.802909457
123.7727928,0.623299143,0.483752408,0.803100544
123.9029429,0.623272667,0.483596206,0.803291698
124.0330931,0.623246193,0.483440042,0.803482921
124.1632432,0.623219719,0.483283914,0.803674212
124.2933934,0.623193247,0.483127822,0.803865572
124.4235435,0.623166776,0.482971768,0.804056999
124.5536937,0.623140306,0.48281575,0.804248495
124.6838438,0.623113837,0.48265977,0.804440059
124.813994,0.623087369,0.482503826,0.804631691
124.9441441,0.623060902,0.482347919,0.804823391
125.0742943,0.623034437,0.48219205,0.805015158
125.2044444,0.623007972,0.482036217,0.805206994
125.3345946,0.622981509,0.481880422,0.805398897
125.4647447,0.622955047,0.481724664,0.805590869
125.5948949,0.622928586,0.481568943,0.805782908
125.725045,0.622902126,0.481413259,0.805975014
125.8551952,0.622875667,0.481257612,0.806167189
125.9853453,0.622849209,0.481102003,0.806359431
126.1154955,0.622822753,0.480946431,0.80655174
126.2456456,0.622796297,0.480790897,0.806744118
126.3757958,0.622769843,0.4806354,0.806936562
126.5059459,0.62274339,0.48047994,0.807129074
126.6360961,0.622716938,0.480324518,0.807321654
126.7662462,0.622690487,0.480169134,0.807514301
126.8963964,0.622664037,0.480013787,0.807707015
127.0265465,0.622637588,0.479858477,0.807899796
127.1566967,0.62261114,0.479703206,0.808092645
127.2868468,0.622584694,0.479547972,0.80828556
127.416997,0.622558249,0.479392776,0.808478543
127.5471471,0.622531804,0.479237617,0.808671593
127.6772973,0.622505361,0.479082497,0.80886471
127.8074474,0.622478919,0.478927414,0.809057895
127.9375976,0.622452479,0.478772369,0.809251146
128.0677477,0.622426039,0.478617362,0.809444464
128.1978979,0.6223996,0.478462393,0.809637849
128.328048,0.622373163,0.478307462,0.8098313
128.4581982,0.622346726,0.478152569,0.810024819
128.5883483,0.622320291,0.477997714,0.810218404
128.7184985,0.622293857,0.477842897,0.810412056
128.8486486,0.622267424,0.477688118,0.810605775
128.9787988,0.622240992,0.477533377,0.81079956
129.1089489,0.622214561,0.477378675,0.810993413
129.2390991,0.622188132,0.47722401,0.811187331
129.3692492,0.622161703,0.477069384,0.811381316
129.4993994,0.622135276,0.476914797,0.811575368
129.6295495,0.62210885,0.476760247,0.811769486
129.7596997,0.622082425,0.476605736,0.811963671
129.8898498,0.622056001,0.476451264,0.812157921
130.02,0.622029578,0.476296829,0.812352239
