"","dose","RR","lb","ub"
"1",0,1,1,1
"2",0.0387387387387387,0.999315214336791,0.998833328412671,0.999797332746189
"3",0.0774774774774775,0.998630910675297,0.997668060463188,0.999594690134886
"4",0.116216216216216,0.997947101728912,0.996504236880303,0.999392055739707
"5",0.154954954954955,0.99726380017551,0.995341898196585,0.999189413147837
"6",0.193693693693694,0.996581018657518,0.994181084748916,0.998986745960155
"7",0.232432432432432,0.995898769781976,0.993021836679008,0.998784037791361
"8",0.271171171171171,0.995217066120608,0.991864193933933,0.998581272270106
"9",0.30990990990991,0.994535920209892,0.990708196266671,0.998378433039125
"10",0.348648648648649,0.993855344551134,0.989553883236677,0.99817550375537
"11",0.387387387387387,0.993175351610536,0.988401294210457,0.997972468090153
"12",0.426126126126126,0.992495953819276,0.987250468362173,0.997769309729282
"13",0.464864864864865,0.991817163573583,0.986101444674247,0.997566012373207
"14",0.503603603603604,0.991138993234811,0.984954261937997,0.99736255973717
"15",0.542342342342342,0.990461455129526,0.983808958754276,0.997158935551352
"16",0.581081081081081,0.989784561549579,0.982665573534136,0.996955123561027
"17",0.61981981981982,0.989108324752194,0.981524144499499,0.996751107526719
"18",0.658558558558559,0.988432756960049,0.980384709683846,0.996546871224365
"19",0.697297297297297,0.987757870361366,0.979247306932925,0.996342398445473
"20",0.736036036036036,0.987083677109991,0.978111973905469,0.996137672997291
"21",0.774774774774775,0.986410189325488,0.976978748073924,0.995932678702979
"22",0.813513513513514,0.985737419093229,0.975847666725203,0.995727399401779
"23",0.852252252252252,0.985065378464481,0.974718766961443,0.995521818949194
"24",0.890990990990991,0.984394079456504,0.973592085700784,0.995315921217167
"25",0.92972972972973,0.983723534052644,0.972467659678151,0.995109690094269
"26",0.968468468468468,0.983053754202426,0.971345525446062,0.994903109485881
"27",1.00720720720721,0.982384751821656,0.970225719375443,0.994696163314389
"28",1.04594594594595,0.981716538792516,0.969108277656453,0.99448883551938
"29",1.08468468468468,0.981049126963666,0.967993236299325,0.994281110057838
"30",1.12342342342342,0.980382528150347,0.966880631135225,0.99407297090435
"31",1.16216216216216,0.97971675413448,0.965770497817112,0.993864402051312
"32",1.2009009009009,0.979051816664775,0.96466287182062,0.993655387509138
"33",1.23963963963964,0.978387727456834,0.963557788444949,0.993445911306478
"34",1.27837837837838,0.977724498193258,0.962455282813766,0.993235957490436
"35",1.31711711711712,0.977062140523761,0.961355389876118,0.993025510126792
"36",1.35585585585586,0.976400666065271,0.960258144407361,0.992814553300232
"37",1.39459459459459,0.975740086402049,0.959163581010096,0.992603071114578
"38",1.43333333333333,0.975080413085799,0.958071734115117,0.992391047693024
"39",1.47207207207207,0.974421657635783,0.956982637982368,0.992178467178378
"40",1.51081081081081,0.973763831538935,0.955896326701919,0.991965313733309
"41",1.54954954954955,0.973106946249978,0.95481283419494,0.991751571540591
"42",1.58828828828829,0.972451013191545,0.953732194214696,0.991537224803364
"43",1.62702702702703,0.971796043754297,0.952654440347549,0.99132225774539
"44",1.66576576576577,0.971142049297041,0.951579606013967,0.991106654611315
"45",1.7045045045045,0.970489041146856,0.950507724469546,0.990890399666942
"46",1.74324324324324,0.969837030599216,0.949438828806042,0.990673477199504
"47",1.78198198198198,0.969186028918115,0.94837295195241,0.990455871517939
"48",1.82072072072072,0.968536047336189,0.947310126675855,0.990237566953181
"49",1.85945945945946,0.967887097054849,0.94625038558289,0.99001854785844
"50",1.8981981981982,0.967239189244407,0.945193761120406,0.989798798609506
"51",1.93693693693694,0.966592335044207,0.944140285576743,0.989578303605041
"52",1.97567567567568,0.965946545562755,0.943089991082782,0.989357047266891
"53",2.01441441441441,0.965301831877852,0.942042909613032,0.989135014040391
"54",2.05315315315315,0.96465820503673,0.940999072986738,0.988912188394685
"55",2.09189189189189,0.964015676056181,0.939958512868985,0.988688554823046
"56",2.13063063063063,0.963374255922703,0.938921260771817,0.988464097843208
"57",2.16936936936937,0.962733955592627,0.937887348055362,0.988238801997695
"58",2.20810810810811,0.962094785992264,0.936856805928966,0.988012651854163
"59",2.24684684684685,0.96145675801804,0.93582966545233,0.98778563200575
"60",2.28558558558559,0.96081988253664,0.934805957536655,0.987557727071421
"61",2.32432432432432,0.96018417038515,0.933785712945799,0.987328921696335
"62",2.36306306306306,0.959549632371199,0.932768962297433,0.987099200552203
"63",2.4018018018018,0.958916279273106,0.931755736064209,0.986868548337665
"64",2.44054054054054,0.958284121840026,0.930746064574932,0.986636949778667
"65",2.47927927927928,0.957653170792094,0.929739978015737,0.986404389628847
"66",2.51801801801802,0.957023436820578,0.928737506431273,0.986170852669928
"67",2.55675675675676,0.956394930588026,0.927738679725891,0.985936323712114
"68",2.5954954954955,0.955767662728419,0.926743527664843,0.985700787594505
"69",2.63423423423423,0.955141643847319,0.925752079875474,0.985464229185502
"70",2.67297297297297,0.954516884522026,0.924764365848434,0.985226633383235
"71",2.71171171171171,0.953893395301732,0.923780414938882,0.984987985115994
"72",2.75045045045045,0.953271186707673,0.922800256367701,0.984748269342659
"73",2.78918918918919,0.952650269233291,0.921823919222713,0.984507471053155
"74",2.82792792792793,0.952030653344387,0.920851432459907,0.984265575268899
"75",2.86666666666667,0.951412349479282,0.919882824904654,0.984022567043265
"76",2.90540540540541,0.950795368048979,0.918918125252945,0.983778431462055
"77",2.94414414414414,0.950179719437321,0.917957362072616,0.983533153643977
"78",2.98288288288288,0.949565414001152,0.917000563804584,0.983286718741135
"79",3.02162162162162,0.948952462070488,0.916047758764086,0.983039111939526
"80",3.06036036036036,0.948340873948672,0.915098975141917,0.982790318459548
"81",3.0990990990991,0.947730659912546,0.914154241005669,0.982540323556514
"82",3.13783783783784,0.947121830212616,0.913213584300981,0.982289112521179
"83",3.17657657657658,0.94651439507322,0.912277032852776,0.98203667068028
"84",3.21531531531532,0.945908364692697,0.911344614366512,0.981782983397076
"85",3.25405405405405,0.945303749243555,0.910416356429429,0.98152803607191
"86",3.29279279279279,0.944700558872646,0.909492286511795,0.981271814142775
"87",3.33153153153153,0.944098803701335,0.908572431968153,0.981014303085892
"88",3.37027027027027,0.943498493825675,0.907656820038575,0.980755488416299
"89",3.40900900900901,0.942899639316581,0.906745477849901,0.980495355688457
"90",3.44774774774775,0.942302250220005,0.905838432416996,0.980233890496855
"91",3.48648648648649,0.941706336557112,0.904935710643989,0.979971078476643
"92",3.52522522522523,0.94111190832446,0.904037339325521,0.979706905304265
"93",3.56396396396396,0.940518975494176,0.903143345147988,0.97944135669811
"94",3.6027027027027,0.939927548014136,0.902253754690784,0.979174418419176
"95",3.64144144144144,0.939337635808148,0.901368594427538,0.978906076271747
"96",3.68018018018018,0.93874924877613,0.90048789072735,0.978636316104081
"97",3.71891891891892,0.938162396794295,0.899611669856025,0.978365123809118
"98",3.75765765765766,0.937577089715338,0.898739957977305,0.978092485325193
"99",3.7963963963964,0.936993337368612,0.897872781154091,0.977818386636778
"100",3.83513513513514,0.936411149560324,0.897010165349664,0.977542813775223
"101",3.87387387387387,0.935830536073716,0.896152136428904,0.977265752819525
"102",3.91261261261261,0.935251506669252,0.895298720159501,0.976987189897105
"103",3.95135135135135,0.934674071084811,0.894449942213156,0.976707111184612
"104",3.99009009009009,0.934098239035876,0.893605828166785,0.976425502908729
"105",4.02882882882883,0.933524020215722,0.892766403503708,0.97614235134701
"106",4.06756756756757,0.93295142429561,0.891931693614835,0.975857642828726
"107",4.10630630630631,0.932380460924981,0.891101723799842,0.975571363735739
"108",4.14504504504504,0.931811139731648,0.890276519268339,0.975283500503382
"109",4.18378378378378,0.931243470321992,0.889456105141033,0.974994039621371
"110",4.22252252252252,0.93067746216076,0.888640506078149,0.974702967791365
"111",4.26126126126126,0.930113118424503,0.887829727260018,0.974410279925206
"112",4.3,0.929550433086572,0.887023745409352,0.974115982940995
"113",4.33873873873874,0.928989399403287,0.88622253508766,0.973820084724335
"114",4.37747747747748,0.928430010649555,0.885426070972837,0.973522593171052
"115",4.41621621621622,0.927872260118783,0.884634327858249,0.973223516187011
"116",4.45495495495495,0.927316141122779,0.883847280651798,0.97292286168793
"117",4.49369369369369,0.926761646991663,0.883064904375001,0.972620637599212
"118",4.53243243243243,0.926208771073776,0.882287174162065,0.972316851855785
"119",4.57117117117117,0.925657506735585,0.881514065258955,0.972011512401941
"120",4.60990990990991,0.925107847361595,0.880745553022475,0.971704627191193
"121",4.64864864864865,0.924559786354259,0.879981612919337,0.971396204186131
"122",4.68738738738739,0.924013317133885,0.879222220525242,0.971086251358286
"123",4.72612612612613,0.92346843313855,0.878467351523952,0.970774776688006
"124",4.76486486486487,0.92292512782401,0.877716981706375,0.970461788164328
"125",4.8036036036036,0.92238339466361,0.876971086969639,0.970147293784863
"126",4.84234234234234,0.921843227148197,0.876229643316181,0.969831301555683
"127",4.88108108108108,0.921304618786035,0.875492626852827,0.969513819491214
"128",4.91981981981982,0.920767563102711,0.874760013789883,0.969194855614136
"129",4.95855855855856,0.920232053641057,0.874031780440221,0.96887441795528
"130",4.9972972972973,0.919698083961057,0.873307903218377,0.96855251455354
"131",5.03603603603604,0.919165647639764,0.872588358639639,0.968229153455782
"132",5.07477477477477,0.918634738271217,0.871873123319152,0.967904342716755
"133",5.11351351351351,0.918105349466351,0.871162173971014,0.967578090399018
"134",5.15225225225225,0.917577474852915,0.870455487407384,0.967250404572854
"135",5.19099099099099,0.917051108075391,0.869753040537587,0.966921293316201
"136",5.22972972972973,0.916526242794904,0.869054810367227,0.966590764714582
"137",5.26846846846847,0.916002872689147,0.868360773997299,0.966258826861033
"138",5.30720720720721,0.91548099145229,0.867670908623308,0.965925487856047
"139",5.34594594594595,0.914960592794905,0.866985191534387,0.965590755807505
"140",5.38468468468468,0.914441670443879,0.866303600112427,0.965254638830626
"141",5.42342342342342,0.913924218142336,0.865626111831199,0.964917145047905
"142",5.46216216216216,0.913408229649554,0.86495270425549,0.964578282589069
"143",5.5009009009009,0.912893698740886,0.864283355040236,0.964238059591022
"144",5.53963963963964,0.912380619207679,0.863618041929659,0.963896484197802
"145",5.57837837837838,0.911868984857196,0.862956742756414,0.963553564560537
"146",5.61711711711712,0.911358789512533,0.862299435440731,0.963209308837403
"147",5.65585585585586,0.910850027012544,0.861646097989566,0.962863725193587
"148",5.69459459459459,0.910342691211763,0.860996708495757,0.962516821801252
"149",5.73333333333333,0.909836775980321,0.860351245137175,0.9621686068395
"150",5.77207207207207,0.909332275203875,0.85970968617589,0.961819088494348
"151",5.81081081081081,0.908829182783527,0.859072009957336,0.96146827495869
"152",5.84954954954955,0.908327492635747,0.858438194909473,0.961116174432279
"153",5.88828828828829,0.907827198692299,0.857808219541966,0.960762795121699
"154",5.92702702702703,0.907328294900163,0.857182062445356,0.960408145240344
"155",5.96576576576577,0.906830775221461,0.85655970229024,0.9600522330084
"156",6.0045045045045,0.906334633633381,0.855941117826457,0.959695066652825
"157",6.04324324324324,0.905839864128103,0.855326287882268,0.959336654407336
"158",6.08198198198198,0.905346460712725,0.854715191363552,0.958977004512395
"159",6.12072072072072,0.904854417409187,0.854107807252999,0.958616125215198
"160",6.15945945945946,0.9043637282542,0.853504114609303,0.958254024769669
"161",6.1981981981982,0.903874387299173,0.852904092566368,0.957890711436447
"162",6.23693693693694,0.903386388610137,0.852307720332509,0.957526193482888
"163",6.27567567567568,0.902899726267677,0.851714977189663,0.957160479183059
"164",6.31441441441441,0.902414394366857,0.851125842492597,0.956793576817736
"165",6.35315315315315,0.90193038701715,0.850540295668126,0.956425494674409
"166",6.39189189189189,0.901447698342366,0.84995831621433,0.956056241047282
"167",6.43063063063063,0.900966322480583,0.849379883699776,0.955685824237281
"168",6.46936936936937,0.900486253584074,0.848804977762746,0.955314252552056
"169",6.50810810810811,0.90000748581924,0.84823357811046,0.954941534305998
"170",6.54684684684685,0.899530013366536,0.847665664518314,0.954567677820243
"171",6.58558558558559,0.899053830420407,0.847101216829112,0.954192691422689
"172",6.62432432432432,0.898578931189216,0.846540214952309,0.953816583448008
"173",6.66306306306306,0.898105309895176,0.845982638863246,0.953439362237666
"174",6.7018018018018,0.897632960774283,0.845428468602403,0.953061036139937
"175",6.74054054054054,0.897161878076247,0.844877684274643,0.952681613509929
"176",6.77927927927928,0.896692056064425,0.844330266048466,0.952301102709602
"177",6.81801801801802,0.896223489015753,0.843786194155263,0.951919512107794
"178",6.85675675675676,0.895756171220684,0.843245448888577,0.951536850080245
"179",6.8954954954955,0.895290096983113,0.842708010603358,0.95115312500963
"180",6.93423423423423,0.894825260620322,0.842173859715237,0.950768345285581
"181",6.97297297297297,0.894361656462905,0.841642976699786,0.950382519304726
"182",7.01171171171171,0.893899278854708,0.84111534209179,0.949995655470718
"183",7.05045045045045,0.893438122152763,0.840590936484525,0.94960776219427
"184",7.08918918918919,0.892978180727224,0.840069740529031,0.949218847893195
"185",7.12792792792793,0.892519448961301,0.839551734933393,0.948828920992442
"186",7.16666666666667,0.892061921251198,0.839036900462023,0.948437989924137
"187",7.20540540540541,0.891605592006051,0.838525217934946,0.948046063127627
"188",7.24414414414414,0.891150455647862,0.838016668227091,0.947653149049523
"189",7.28288288288288,0.890696506611437,0.837511232267578,0.947259256143745
"190",7.32162162162162,0.890243739344325,0.837008891039017,0.946864392871571
"191",7.36036036036036,0.889792148306756,0.836509625576802,0.946468567701688
"192",7.3990990990991,0.889341727971577,0.836013416968412,0.946071789110239
"193",7.43783783783784,0.888892472824194,0.835520246352716,0.94567406558088
"194",7.47657657657658,0.88844437736251,0.835030094919274,0.945275405604832
"195",7.51531531531532,0.887997436096861,0.83454294390765,0.94487581768094
"196",7.55405405405405,0.887551643549962,0.83405877460672,0.94447531031573
"197",7.59279279279279,0.887106994256842,0.833577568353988,0.944073892023469
"198",7.63153153153153,0.886663482764786,0.833099306534902,0.943671571326226
"199",7.67027027027027,0.886221103633277,0.832623970582171,0.943268356753936
"200",7.70900900900901,0.885779851433934,0.832151541975091,0.942864256844468
"201",7.74774774774775,0.885339720750458,0.831682002238864,0.942459280143686
"202",7.78648648648649,0.884900706178571,0.831215332943931,0.942053435205523
"203",7.82522522522522,0.884462802325956,0.830751515705298,0.941646730592048
"204",7.86396396396396,0.884026003812203,0.830290532181868,0.941239174873539
"205",7.9027027027027,0.883590305268752,0.829832364075778,0.940830776628558
"206",7.94144144144144,0.883155701338833,0.829376993131735,0.940421544444022
"207",7.98018018018018,0.882722186677411,0.828924401136356,0.940011486915287
"208",8.01891891891892,0.88228975595113,0.828474569917511,0.939600612646216
"209",8.05765765765766,0.881858403838257,0.828027481343668,0.939188930249272
"210",8.0963963963964,0.881428125028627,0.82758311732324,0.938776448345589
"211",8.13513513513514,0.880998914223586,0.827141459803933,0.93836317556506
"212",8.17387387387387,0.880570766135936,0.826702490772103,0.937949120546421
"213",8.21261261261261,0.880143675489883,0.826266192252107,0.937534291937341
"214",8.25135135135135,0.879717637020981,0.825832546305662,0.937118698394501
"215",8.29009009009009,0.879292645476076,0.825401535031204,0.936702348583695
"216",8.32882882882883,0.878868695613255,0.824973140563251,0.936285251179911
"217",8.36756756756757,0.878445782201793,0.824547345071769,0.935867414867432
"218",8.40630630630631,0.878023900022099,0.824124130761535,0.935448848339921
"219",8.44504504504505,0.87760304386566,0.82370347987151,0.935029560300526
"220",8.48378378378378,0.877183208534995,0.823285374674213,0.934609559461969
"221",8.52252252252252,0.876764388843597,0.822869797475088,0.934188854546648
"222",8.56126126126126,0.876346579615884,0.82245673061189,0.933767454286738
"223",8.6,0.875929775687148,0.822046156454059,0.933345367424288
"224",8.63873873873874,0.875513971903502,0.821638057402102,0.932922602711326
"225",8.67747747747748,0.87509916312183,0.821232415886979,0.932499168909962
"226",8.71621621621622,0.874685344209737,0.82082921436949,0.932075074792492
"227",8.75495495495496,0.874272510045495,0.820428435339664,0.931650329141508
"228",8.79369369369369,0.873860655518,0.82003006131615,0.931224940749998
"229",8.83243243243243,0.873449775526715,0.81963407484561,0.930798918421461
"230",8.87117117117117,0.873039864981625,0.81924045850212,0.930372270970015
"231",8.90990990990991,0.872630918803187,0.818849194886566,0.929945007220506
"232",8.94864864864865,0.872222931922279,0.818460266626049,0.92951713600862
"233",8.98738738738739,0.871815899280156,0.818073656373285,0.929088666180998
"234",9.02612612612613,0.871409815828398,0.817689346806017,0.928659606595347
"235",9.06486486486486,0.871004676528861,0.81730732062642,0.928229966120557
"236",9.1036036036036,0.870600476353634,0.81692756056052,0.927799753636814
"237",9.14234234234234,0.870197210284988,0.816550049357603,0.927368978035719
"238",9.18108108108108,0.869794873315331,0.816174769789634,0.926937648220402
"239",9.21981981981982,0.869393460447158,0.815801704650683,0.926505773105645
"240",9.25855855855856,0.86899296669301,0.815430836756342,0.926073361617993
"241",9.2972972972973,0.868593387075422,0.815062148943153,0.925640422695882
"242",9.33603603603604,0.86819471662688,0.814695624068038,0.925206965289749
"243",9.37477477477477,0.867796950389776,0.814331245007734,0.924772998362161
"244",9.41351351351351,0.86740008341636,0.813968994658223,0.924338530887932
"245",9.45225225225225,0.867004110768699,0.813608855934171,0.923903571854241
"246",9.49099099099099,0.866609027518628,0.813250811768371,0.923468130260759
"247",9.52972972972973,0.866214828747707,0.812894845111189,0.923032215119766
"248",9.56846846846847,0.865821509547179,0.812540938930007,0.922595835456276
"249",9.60720720720721,0.865429065017922,0.812189076208675,0.922159000308155
"250",9.64594594594595,0.865037490270409,0.811839239946966,0.921721718726246
"251",9.68468468468468,0.864646780424661,0.811491413160036,0.921283999774491
"252",9.72342342342342,0.864256930610209,0.811145578877878,0.920845852530049
"253",9.76216216216216,0.863867935966045,0.810801720144791,0.920407286083419
"254",9.8009009009009,0.863479791640585,0.810459820018849,0.919968309538563
"255",9.83963963963964,0.863092492791623,0.810119861571368,0.919528932013023
"256",9.87837837837838,0.86270603458629,0.809781827886385,0.919089162638042
"257",9.91711711711712,0.862320412201014,0.809445702060137,0.918649010558686
"258",9.95585585585586,0.861935620821474,0.809111467200541,0.918208484933957
"259",9.9945945945946,0.861551655642566,0.808779106426684,0.917767594936916
"260",10.0333333333333,0.861168511868353,0.808448602868313,0.917326349754796
"261",10.0720720720721,0.860786184712034,0.808119939665331,0.916884758589119
"262",10.1108108108108,0.860404669395896,0.807793099967297,0.91644283065581
"263",10.1495495495495,0.860023961151276,0.807468066932927,0.91600057518531
"264",10.1882882882883,0.859644055218523,0.807144823729608,0.915558001422688
"265",10.227027027027,0.859264946846958,0.806823353532907,0.91511511862775
"266",10.2657657657658,0.858886631294832,0.806503639526093,0.914671936075148
"267",10.3045045045045,0.858509103829289,0.806185664899654,0.914228463054485
"268",10.3432432432432,0.858132359726328,0.805869412850832,0.913784708870421
"269",10.381981981982,0.857756394270761,0.805554866583154,0.913340682842774
"270",10.4207207207207,0.85738120275618,0.805242009305967,0.91289639430662
"271",10.4594594594595,0.857006780484914,0.804930824233987,0.912451852612388
"272",10.4981981981982,0.856633122767994,0.804621294586848,0.912007067125961
"273",10.5369369369369,0.856260224925113,0.804313403588654,0.91156204722876
"274",10.5756756756757,0.855888082284592,0.804007134467545,0.911116802317836
"275",10.6144144144144,0.85551669018334,0.803702470455261,0.910671341805959
"276",10.6531531531532,0.85514604396682,0.803399394786721,0.910225675121693
"277",10.6918918918919,0.85477613898901,0.803097890699594,0.909779811709482
"278",10.7306306306306,0.854406970612368,0.802797941433899,0.909333761029719
"279",10.7693693693694,0.854038534207795,0.802499530231586,0.90888753255882
"280",10.8081081081081,0.853670825154601,0.802202640336147,0.908441135789291
"281",10.8468468468468,0.853303838840468,0.801907254992216,0.907994580229788
"282",10.8855855855856,0.852937570661415,0.801613357445194,0.907547875405177
"283",10.9243243243243,0.852572016021763,0.801320930940862,0.907101030856585
"284",10.9630630630631,0.852207170334102,0.801029958725019,0.906654056141451
"285",11.0018018018018,0.851843029019253,0.800740424043121,0.906206960833563
"286",11.0405405405405,0.851479587506235,0.800452310139925,0.905759754523101
"287",11.0792792792793,0.851116841232234,0.800165600259148,0.905312446816665
"288",11.118018018018,0.850754785642564,0.799880277643133,0.9048650473373
"289",11.1567567567568,0.85039341619064,0.799596325532518,0.904417565724515
"290",11.1954954954955,0.850032728337937,0.799313727165928,0.903970011634297
"291",11.2342342342342,0.849672717553963,0.79903246577966,0.903522394739113
"292",11.272972972973,0.849313379316224,0.79875252460739,0.903074724727912
"293",11.3117117117117,0.84895470911019,0.798473886879887,0.902627011306112
"294",11.3504504504505,0.848596702429266,0.798196535824734,0.902179264195586
"295",11.3891891891892,0.848239354774757,0.797920454666065,0.901731493134633
"296",11.4279279279279,0.847882661655838,0.797645626624309,0.901283707877949
"297",11.4666666666667,0.84752661858952,0.797372034915948,0.900835918196584
"298",11.5054054054054,0.847171221100623,0.797099662753283,0.900388133877885
"299",11.5441441441441,0.846816464721738,0.796828493344219,0.899940364725444
"300",11.5828828828829,0.846462344993204,0.796558509892056,0.899492620559022
"301",11.6216216216216,0.846108857463072,0.796289695595292,0.899044911214469
"302",11.6603603603604,0.845755997687075,0.796022033647446,0.898597246543635
"303",11.6990990990991,0.845403761228601,0.79575550723689,0.898149636414269
"304",11.7378378378378,0.845052143658658,0.79549009954669,0.897702090709903
"305",11.7765765765766,0.844701140555849,0.795225793754474,0.89725461932973
"306",11.8153153153153,0.844350747506342,0.794962573032298,0.896807232188467
"307",11.8540540540541,0.844000960103835,0.794700420546544,0.896359939216207
"308",11.8927927927928,0.843651773949535,0.794439319457819,0.895912750358257
"309",11.9315315315315,0.843303184652124,0.794179252920877,0.895465675574964
"310",11.9702702702703,0.842955187827731,0.79392020408456,0.895018724841525
"311",12.009009009009,0.842607779099907,0.793662156091743,0.894571908147788
"312",12.0477477477477,0.842260954099592,0.793405092079313,0.894125235498034
"313",12.0864864864865,0.84191470846509,0.793148995178152,0.893678716910745
"314",12.1252252252252,0.841569037842041,0.792893848513144,0.893232362418357
"315",12.163963963964,0.841223937883392,0.792639635203199,0.892786182066997
"316",12.2027027027027,0.840879404249374,0.792386338361294,0.892340185916209
"317",12.2414414414414,0.840535432607468,0.792133941094539,0.89189438403865
"318",12.2801801801802,0.840192018632384,0.791882426504255,0.891448786519785
"319",12.3189189189189,0.839849158006035,0.791631777686078,0.89100340345755
"320",12.3576576576577,0.839506846417504,0.791381977730079,0.890558244962009
"321",12.3963963963964,0.839165079563024,0.791133009720911,0.890113321154982
"322",12.4351351351351,0.838823853145952,0.790884856737975,0.889668642169661
"323",12.4738738738739,0.838483162876738,0.790637501855604,0.889224218150202
"324",12.5126126126126,0.838143004472906,0.790390928143274,0.888780059251301
"325",12.5513513513514,0.837803373659024,0.79014511866584,0.888336175637742
"326",12.5900900900901,0.837464266166683,0.789900056483794,0.887892577483933
"327",12.6288288288288,0.837125677734466,0.789655724653542,0.887449274973411
"328",12.6675675675676,0.836787604107932,0.789412106227713,0.887006278298334
"329",12.7063063063063,0.836450041039583,0.789169184255492,0.886563597658941
"330",12.745045045045,0.836112984288847,0.788926941782975,0.886121243262994
"331",12.7837837837838,0.835776429622048,0.788685361853555,0.885679225325196
"332",12.8225225225225,0.835440372812388,0.788444427508332,0.885237554066581
"333",12.8612612612613,0.835104809639917,0.788204121786551,0.884796239713882
"334",12.9,0.834769735891517,0.787964427726068,0.884355292498873
"335",12.9387387387387,0.834435147360874,0.787725328363849,0.883914722657682
"336",12.9774774774775,0.834101039848453,0.787486806736488,0.883474540430081
"337",13.0162162162162,0.833767409161484,0.787248845880767,0.883034756058746
"338",13.054954954955,0.83343425111393,0.787011428834237,0.882595379788491
"339",13.0936936936937,0.83310156152647,0.786774538635833,0.88215642186547
"340",13.1324324324324,0.832769336226477,0.786538158326522,0.881717892536356
"341",13.1711711711712,0.832437571047994,0.78630227094998,0.881279802047483
"342",13.2099099099099,0.832106261831713,0.786066859553305,0.880842160643963
"343",13.2486486486486,0.831775404424955,0.78583190718776,0.880404978568771
"344",13.2873873873874,0.831444994681645,0.78559739690955,0.879968266061801
"345",13.3261261261261,0.831115028462298,0.785363311780633,0.879532033358883
"346",13.3648648648649,0.83078550163399,0.785129634869569,0.879096290690775
"347",13.4036036036036,0.830456410070344,0.7848963492524,0.87866104828212
"348",13.4423423423423,0.830127749651504,0.784663438013566,0.878226316350369
"349",13.4810810810811,0.829799516264121,0.784430884246861,0.877792105104669
"350",13.5198198198198,0.829471705801327,0.784198671056422,0.877358424744718
"351",13.5585585585586,0.829144314162719,0.783966781557754,0.876925285459586
"352",13.5972972972973,0.828817337254339,0.783735198878798,0.8764926974265
"353",13.636036036036,0.828490770988652,0.783503906161034,0.876060670809591
"354",13.6747747747748,0.82816461128453,0.78327288656062,0.875629215758608
"355",13.7135135135135,0.827838854067233,0.783042123249575,0.875198342407592
"356",13.7522522522523,0.827513495268387,0.782811599416998,0.874768060873515
"357",13.790990990991,0.827188530825967,0.782581298270326,0.874338381254883
"358",13.8297297297297,0.826863956684282,0.782351203036638,0.873909313630297
"359",13.8684684684685,0.82653976879395,0.782121296963992,0.873480868056977
"360",13.9072072072072,0.826215963111888,0.781891563322807,0.873053054569252
"361",13.9459459459459,0.825892535601286,0.781661985407286,0.872625883177002
"362",13.9846846846847,0.825569482231597,0.78143254653688,0.87219936386407
"363",14.0234234234234,0.825246798978514,0.781203230057794,0.871773506586628
"364",14.0621621621622,0.824924481823954,0.780974019344531,0.871348321271508
"365",14.1009009009009,0.824602526756046,0.780744897801489,0.870923817814488
"366",14.1396396396396,0.824280929769105,0.780515848864585,0.870500006078542
"367",14.1783783783784,0.823959686863624,0.780286856002935,0.87007689589205
"368",14.2171171171171,0.823638794046253,0.78005790272057,0.869654497046963
"369",14.2558558558559,0.823318247329783,0.779828972558192,0.86923281929693
"370",14.2945945945946,0.822998042733132,0.779600049094982,0.868811872355391
"371",14.3333333333333,0.822678176281328,0.779371115950445,0.868391665893615
"372",14.3720720720721,0.822358644005493,0.779142156786289,0.867972209538712
"373",14.4108108108108,0.822039441942826,0.778913155308368,0.867553512871596
"374",14.4495495495496,0.821720566136593,0.778684095268644,0.867135585424912
"375",14.4882882882883,0.821402012636107,0.77845496046721,0.866718436680919
"376",14.527027027027,0.821083777496713,0.778225734754342,0.866302076069337
"377",14.5657657657658,0.820765856779777,0.777996402032598,0.865886512965153
"378",14.6045045045045,0.820448246552669,0.777766946258963,0.865471756686384
"379",14.6432432432432,0.820130942888748,0.777537351447024,0.86505781649181
"380",14.681981981982,0.819813941867351,0.777307601669197,0.864644701578657
"381",14.7207207207207,0.819497239573776,0.777077681058989,0.864232421080252
"382",14.7594594594595,0.819180832099267,0.776847573813296,0.863820984063634
"383",14.7981981981982,0.818864715541007,0.776617264194748,0.86341039952713
"384",14.8369369369369,0.818548886002097,0.776386736534089,0.863000676397896
"385",14.8756756756757,0.818233339591548,0.776155975232591,0.862591823529421
"386",14.9144144144144,0.817918072424264,0.775924964764511,0.862183849698996
"387",14.9531531531532,0.817603080621034,0.775693689679582,0.861776763605146
"388",14.9918918918919,0.817288360308514,0.775462134605538,0.861370573865037
"389",15.0306306306306,0.816973907619219,0.775230284250675,0.860965289011843
"390",15.0693693693694,0.816659718691508,0.774998123406444,0.860560917492083
"391",15.1081081081081,0.816345789669572,0.774765636950077,0.860157467662932
"392",15.1468468468468,0.816032116703425,0.774532809847248,0.859754947789497
"393",15.1855855855856,0.815718695948889,0.774299627154753,0.859353366042068
"394",15.2243243243243,0.815405523567582,0.774066074023235,0.858952730493347
"395",15.2630630630631,0.815092595726911,0.773832135699919,0.85855304911564
"396",15.3018018018018,0.814779908600056,0.773597797531388,0.858154329778039
"397",15.3405405405405,0.814467458365961,0.773363044966372,0.85775658024357
"398",15.3792792792793,0.814155241209325,0.773127863558568,0.857359808166325
"399",15.418018018018,0.813843253320587,0.772892238969476,0.85696402108858
"400",15.4567567567568,0.81353149089592,0.77265615697126,0.856569226437882
"401",15.4954954954955,0.813219950137218,0.772419603449619,0.856175431524135
"402",15.5342342342342,0.812908627252085,0.772182564406684,0.85578264353666
"403",15.572972972973,0.81259751845383,0.771945025963919,0.855390869541253
"404",15.6117117117117,0.81228661996145,0.771706974365044,0.855000116477223
"405",15.6504504504504,0.811975927999628,0.771468395978962,0.854610391154426
"406",15.6891891891892,0.811665438798718,0.771229277302693,0.854221700250299
"407",15.7279279279279,0.811355148594737,0.770989604964322,0.853834050306878
"408",15.7666666666667,0.811045053629357,0.770749365725945,0.853447447727823
"409",15.8054054054054,0.810735150149896,0.770508546486611,0.853061898775441
"410",15.8441441441441,0.810425434409309,0.770267134285282,0.85267740956771
"411",15.8828828828829,0.81011590266618,0.770025116303765,0.852293986075309
"412",15.9216216216216,0.809806551184711,0.769782479869661,0.851911634118659
"413",15.9603603603604,0.809497376234718,0.76953921245929,0.851530359364967
"414",15.9990990990991,0.809188374091619,0.769295301700619,0.851150167325287
"415",16.0378378378378,0.80887954103643,0.769050735376161,0.850771063351598
"416",16.0765765765766,0.808570873355752,0.768805501425878,0.850393052633894
"417",16.1153153153153,0.80826236734177,0.768559587950045,0.850016140197297
"418",16.1540540540541,0.80795401929224,0.768312983212111,0.849640330899195
"419",16.1927927927928,0.807645825510487,0.768065675641525,0.849265629426403
"420",16.2315315315315,0.807337782305391,0.76781765383654,0.848892040292351
"421",16.2702702702703,0.807029885991388,0.767568906566989,0.848519567834308
"422",16.309009009009,0.806722132888459,0.767319422777022,0.848148216210634
"423",16.3477477477477,0.806414519322123,0.767069191587821,0.847777989398076
"424",16.3864864864865,0.806107041623431,0.766818202300263,0.847408891189094
"425",16.4252252252252,0.805799696128964,0.766566444397553,0.847040925189242
"426",16.463963963964,0.805492479180821,0.766313907547811,0.846674094814577
"427",16.5027027027027,0.805185387126616,0.766060581606609,0.846308403289138
"428",16.5414414414414,0.804878416319473,0.765806456619465,0.845943853642453
"429",16.5801801801802,0.804571563472605,0.765551523598078,0.845580448597748
"430",16.6189189189189,0.804264827613158,0.765295778754024,0.845218190003275
"431",16.6576576576577,0.803958208694071,0.765039220394742,0.844857079344348
"432",16.6963963963964,0.803651706670759,0.76478184689335,0.844497118045337
"433",16.7351351351351,0.803345321498659,0.76452365668403,0.844138307469674
"434",16.7738738738739,0.803039053133221,0.764264648262789,0.843780648919094
"435",16.8126126126126,0.802732901529914,0.764004820188201,0.843424143632892
"436",16.8513513513514,0.802426866644223,0.763744171082134,0.843068792787188
"437",16.8900900900901,0.802120948431652,0.763482699630465,0.842714597494227
"438",16.9288288288288,0.801815146847719,0.763220404583762,0.842361558801682
"439",16.9675675675676,0.80150946184796,0.762957284757964,0.842009677691986
"440",17.0063063063063,0.801203893387929,0.762693339035029,0.841658955081675
"441",17.045045045045,0.800898441423197,0.762428566363567,0.84130939182076
"442",17.0837837837838,0.80059310590935,0.762162965759451,0.840960988692111
"443",17.1225225225225,0.800287886801992,0.761896536306411,0.840613746410872
"444",17.1612612612613,0.799982784056745,0.761629277156595,0.840267665623887
"445",17.2,0.799677797629247,0.761361187531125,0.839922746909159
"446",17.2387387387387,0.799372927475152,0.761092266720613,0.839578990775321
"447",17.2774774774775,0.799068173550132,0.760822514085662,0.83923639766114
"448",17.3162162162162,0.798763535809875,0.760551929057348,0.838894967935036
"449",17.354954954955,0.798459014210089,0.760280511137666,0.838554701894636
"450",17.3936936936937,0.798154608706494,0.760008259899962,0.838215599766337
"451",17.4324324324324,0.797850319254831,0.759735174989332,0.837877661704914
"452",17.4711711711712,0.797546145810855,0.759461256123005,0.837540887793132
"453",17.5099099099099,0.797242088330339,0.759186503090689,0.837205278041403
"454",17.5486486486486,0.796938146769074,0.758910915754899,0.836870832387453
"455",17.5873873873874,0.796634321082866,0.758634494051258,0.836537550696028
"456",17.6261261261261,0.79633061122754,0.758357237988765,0.83620543275862
"457",17.6648648648649,0.796027017158934,0.758079147650044,0.835874478293221
"458",17.7036036036036,0.795723538832908,0.757800223191561,0.835544686944106
"459",17.7423423423423,0.795420176205334,0.757520464843813,0.83521605828164
"460",17.7810810810811,0.795116929232105,0.757239872911492,0.83488859180212
"461",17.8198198198198,0.794813797869127,0.756958447773621,0.834562286927634
"462",17.8585585585586,0.794510782072325,0.756676189883657,0.834237143005959
"463",17.8972972972973,0.794207881797641,0.756393099769575,0.833913159310483
"464",17.936036036036,0.793905097001033,0.756109178033911,0.833590335040149
"465",17.9747747747748,0.793602427638475,0.755824425353788,0.83326866931944
"466",18.0135135135135,0.793299873665961,0.75553884248091,0.832948161198384
"467",18.0522522522523,0.792997435039498,0.755252430241522,0.832628809652587
"468",18.090990990991,0.792695111715111,0.75496518953635,0.8323106135833
"469",18.1297297297297,0.792392903648843,0.754677121340505,0.831993571817512
"470",18.1684684684685,0.792090810796752,0.754388226703362,0.831677683108069
"471",18.2072072072072,0.791788833114915,0.754098506748413,0.831362946133825
"472",18.2459459459459,0.791486970559423,0.753807962673085,0.831049359499822
"473",18.2846846846847,0.791185223086386,0.753516595748535,0.830736921737494
"474",18.3234234234234,0.790883590651928,0.753224407319415,0.830425631304904
"475",18.3621621621622,0.790582073212194,0.752931398803608,0.830115486587005
"476",18.4009009009009,0.790280670723343,0.752637571691939,0.829806485895933
"477",18.4396396396396,0.789979383141549,0.752342927547855,0.829498627471322
"478",18.4783783783784,0.789678210423006,0.75204746800708,0.829191909480653
"479",18.5171171171171,0.789377152523923,0.751751194777242,0.828886330019627
"480",18.5558558558559,0.789076209400527,0.751454109637471,0.828581887112561
"481",18.5945945945946,0.78877538100906,0.751156214437976,0.828278578712819
"482",18.6333333333333,0.788474667305782,0.750857511099591,0.827976402703262
"483",18.6720720720721,0.788174068246968,0.750558001613294,0.827675356896726
"484",18.7108108108108,0.787873583788912,0.750257688039706,0.82737543903653
"485",18.7495495495495,0.787573213887923,0.749956572508561,0.827076646796999
"486",18.7882882882883,0.787272958500327,0.749654657218151,0.826778977784025
"487",18.827027027027,0.786972817582466,0.749351944434748,0.826482429535639
"488",18.8657657657658,0.786672791090701,0.749048436492002,0.826186999522616
"489",18.9045045045045,0.786372878981408,0.748744135790317,0.825892685149101
"490",18.9432432432432,0.786073081210978,0.748439044796197,0.825599483753256
"491",18.981981981982,0.785773397735822,0.748133166041585,0.825307392607932
"492",19.0207207207207,0.785473828512365,0.747826502123161,0.82501640892136
"493",19.0594594594595,0.78517437349705,0.747519055701631,0.824726529837866
"494",19.0981981981982,0.784875032646336,0.747210829500994,0.824437752438606
"495",19.1369369369369,0.784575805916698,0.746901826307787,0.82415007374232
"496",19.1756756756757,0.78427669326463,0.746592048970307,0.823863490706108
"497",19.2144144144144,0.783977694646639,0.746281500397819,0.823578000226221
"498",19.2531531531532,0.783678810019252,0.745970183559746,0.823293599138876
"499",19.2918918918919,0.783380039339011,0.745658101484837,0.823010284221084
"500",19.3306306306306,0.783081382562474,0.74534525726032,0.8227280521915
"501",19.3693693693694,0.782782839646216,0.745031654031037,0.822446899711279
"502",19.4081081081081,0.782484410546829,0.744717294998568,0.822166823384968
"503",19.4468468468468,0.782186095220922,0.744402183420333,0.821887819761386
"504",19.4855855855856,0.781887893625119,0.744086322608684,0.821609885334548
"505",19.5243243243243,0.781589805716062,0.743769715929979,0.821333016544576
"506",19.5630630630631,0.781291831450409,0.743452366803649,0.821057209778646
"507",19.6018018018018,0.780993970784834,0.743134278701247,0.820782461371929
"508",19.6405405405405,0.780696223676028,0.742815455145485,0.820508767608556
"509",19.6792792792793,0.780398590080698,0.742495899709265,0.820236124722593
"510",19.718018018018,0.780101069955569,0.742175616014691,0.819964528899017
"511",19.7567567567568,0.779803663257381,0.741854607732083,0.819693976274717
"512",19.7954954954955,0.779506369942891,0.741532878578967,0.81942446293949
"513",19.8342342342342,0.779209189968873,0.741210432319069,0.819155984937055
"514",19.872972972973,0.778912123292116,0.740887272761295,0.81888853826607
"515",19.9117117117117,0.778615169869427,0.740563403758707,0.818622118881159
"516",19.9504504504505,0.778318329657628,0.740238829207486,0.818356722693944
"517",19.9891891891892,0.778021602613559,0.7399135530459,0.81809234557408
"518",20.0279279279279,0.777724988694077,0.739587579253255,0.817828983350304
"519",20.0666666666667,0.777428487856052,0.739260911848851,0.817566631811479
"520",20.1054054054054,0.777132100056374,0.738933554890928,0.817305286707646
"521",20.1441441441441,0.776835825251948,0.738605512475614,0.817044943751079
"522",20.1828828828829,0.776539663399696,0.738276788735864,0.816785598617343
"523",20.2216216216216,0.776243614456554,0.737947387840401,0.816527246946353
"524",20.2603603603604,0.775947678379479,0.737617313992659,0.816269884343435
"525",20.2990990990991,0.77565185512544,0.737286571429717,0.816013506380387
"526",20.3378378378378,0.775356144651425,0.736955164421238,0.81575810859654
"527",20.3765765765766,0.775060546914437,0.736623097268413,0.815503686499821
"528",20.4153153153153,0.774765061871497,0.736290374302892,0.815250235567811
"529",20.4540540540541,0.774469689479641,0.735956999885737,0.814997751248803
"530",20.4927927927928,0.774174429695921,0.735622978406354,0.81474622896286
"531",20.5315315315315,0.773879282477406,0.735288314281449,0.814495664102866
"532",20.5702702702703,0.773584247781183,0.734953011953973,0.814246052035578
"533",20.609009009009,0.773289325564353,0.734617075892077,0.813997388102671
"534",20.6477477477477,0.772994515784034,0.734280510588072,0.813749667621779
"535",20.6864864864865,0.772699818397361,0.733943320557389,0.813502885887534
"536",20.7252252252252,0.772405233361485,0.73360551033755,0.813257038172595
"537",20.763963963964,0.772110760633573,0.733267084487139,0.813012119728675
"538",20.8027027027027,0.771816400170808,0.732928047584788,0.812768125787562
"539",20.8414414414414,0.771522151930391,0.732588404228158,0.812525051562128
"540",20.8801801801802,0.771228015869537,0.732248159032938,0.812282892247337
"541",20.9189189189189,0.77093399194548,0.731907316631846,0.812041643021242
"542",20.9576576576577,0.770640080115467,0.731565881673636,0.811801299045977
"543",20.9963963963964,0.770346280336765,0.731223858822121,0.811561855468735
"544",21.0351351351351,0.770052592566654,0.730881252755197,0.811323307422744
"545",21.0738738738739,0.769759016762432,0.730538068163881,0.811085650028227
"546",21.1126126126126,0.769465552881414,0.730194309751354,0.810848878393361
"547",21.1513513513514,0.769172200880929,0.729849982232022,0.810612987615217
"548",21.1900900900901,0.768878960718324,0.729505090330575,0.810377972780697
"549",21.2288288288288,0.768585832350962,0.729159638781068,0.810143828967456
"550",21.2675675675676,0.768292815736222,0.728813632326007,0.809910551244816
"551",21.3063063063063,0.767999910831499,0.728467075715443,0.809678134674669
"552",21.345045045045,0.767707117594205,0.728119973706088,0.809446574312366
"553",21.3837837837838,0.767414435981767,0.727772331060428,0.809215865207597
"554",21.4225225225225,0.76712186595163,0.727424152545861,0.80898600240526
"555",21.4612612612613,0.766829407461253,0.727075442933839,0.808756980946315
"556",21.5,0.766537060468114,0.726726206999023,0.808528795868629
"557",21.5387387387387,0.766244824929704,0.726376449518456,0.808301442207804
"558",21.5774774774775,0.765952700803533,0.726026175270737,0.808074914998002
"559",21.6162162162162,0.765660688047125,0.725675389035224,0.807849209272745
"560",21.654954954955,0.765368786618023,0.725324095591232,0.807624320065709
"561",21.6936936936937,0.765076996473782,0.72497229971726,0.807400242411508
"562",21.7324324324324,0.764785317571979,0.724620006190217,0.807176971346459
"563",21.7711711711712,0.7644937498702,0.724267219784674,0.806954501909334
"564",21.8099099099099,0.764202293326054,0.72391394527212,0.806732829142105
"565",21.8486486486486,0.763910947897161,0.723560187420234,0.806511948090665
"566",21.8873873873874,0.763619713541161,0.723205950992173,0.80629185380555
"567",21.9261261261261,0.763328590215707,0.722851240745871,0.806072541342631
"568",21.9648648648649,0.76303757787847,0.722496061433354,0.805854005763808
"569",22.0036036036036,0.762746676487138,0.722140417800062,0.805636242137678
"570",22.0423423423423,0.762455885999412,0.721784314584193,0.805419245540196
"571",22.0810810810811,0.762165206373012,0.721427756516059,0.805203011055321
"572",22.1198198198198,0.761874637565673,0.721070748317449,0.804987533775649
"573",22.1585585585586,0.761584179535145,0.720713294701013,0.80477280880303
"574",22.1972972972973,0.761293832239197,0.720355400369659,0.804558831249173
"575",22.236036036036,0.761003595635612,0.719997070015958,0.804345596236238
"576",22.2747747747748,0.760713469682189,0.71963830832157,0.804133098897411
"577",22.3135135135135,0.760423454336744,0.719279119956678,0.803921334377472
"578",22.3522522522523,0.760133549557108,0.718919509579438,0.80371029783334
"579",22.390990990991,0.75984375530113,0.718559481835442,0.803499984434616
"580",22.4297297297297,0.759554071526673,0.718199041357197,0.8032903893641
"581",22.4684684684685,0.759264498191616,0.71783819276361,0.803081507818305
"582",22.5072072072072,0.758975035253857,0.717476940659497,0.802873335007954
"583",22.5459459459459,0.758685682671307,0.717115289635095,0.802665866158459
"584",22.5846846846847,0.758396440401893,0.716753244265593,0.802459096510396
"585",22.6234234234234,0.758107308403562,0.716390809110677,0.802253021319962
"586",22.6621621621622,0.75781828663427,0.716027988714083,0.802047635859414
"587",22.7009009009009,0.757529375051996,0.715664787603164,0.801842935417508
"588",22.7396396396396,0.757240573614732,0.715301210288476,0.801638915299912
"589",22.7783783783784,0.756951882280486,0.714937261263369,0.801435570829616
"590",22.8171171171171,0.756663301007281,0.714572945003591,0.80123289734732
"591",22.8558558558559,0.756374829753158,0.714208265966913,0.801030890211823
"592",22.8945945945946,0.756086468476174,0.713843228592752,0.800829544800387
"593",22.9333333333333,0.755798217134399,0.71347783730182,0.800628856509093
"594",22.9720720720721,0.755510075685924,0.713112096495778,0.80042882075319
"595",23.0108108108108,0.755222044088851,0.7127460105569,0.800229432967425
"596",23.0495495495495,0.754934122301301,0.712379583847755,0.800030688606367
"597",23.0882882882883,0.75464631028141,0.712012820710894,0.799832583144712
"598",23.127027027027,0.75435860798733,0.711645725468553,0.799635112077588
"599",23.1657657657658,0.754071015377229,0.711278302422366,0.799438270920838
"600",23.2045045045045,0.753783532409291,0.710910555853089,0.799242055211297
"601",23.2432432432432,0.753496159041716,0.710542490020332,0.799046460507058
"602",23.281981981982,0.753208895232719,0.710174109162308,0.798851482387727
"603",23.3207207207207,0.752921740940533,0.709805417495584,0.798657116454664
"604",23.3594594594595,0.752634696123404,0.709436419214855,0.79846335833122
"605",23.3981981981982,0.752347760739597,0.709067118492714,0.798270203662959
"606",23.4369369369369,0.752060934747392,0.708697519479441,0.79807764811787
"607",23.4756756756757,0.751774218105083,0.7083276263028,0.797885687386572
"608",23.5144144144144,0.751487610770982,0.707957443067847,0.797694317182505
"609",23.5531531531532,0.751201112703415,0.707586973856742,0.797503533242118
"610",23.5918918918919,0.750914723860728,0.707216222728578,0.797313331325038
"611",23.6306306306306,0.750628444201276,0.706845193719216,0.797123707214239
"612",23.6693693693694,0.750342273683438,0.706473890841128,0.796934656716198
"613",23.7081081081081,0.750056212265602,0.706102318083246,0.79674617566104
"614",23.7468468468468,0.749770259906174,0.705730479410831,0.796558259902676
"615",23.7855855855856,0.749484416563579,0.705358378765337,0.796370905318937
"616",23.8243243243243,0.749198682196254,0.704986020064293,0.796184107811691
"617",23.8630630630631,0.748913056762653,0.704613407201188,0.795997863306957
"618",23.9018018018018,0.748627540221246,0.704240544045367,0.795812167755013
"619",23.9405405405405,0.748342132530519,0.703867434441932,0.79562701713049
"620",23.9792792792793,0.748056833648973,0.703494082211655,0.79544240743246
"621",24.018018018018,0.747771643535127,0.703120491150894,0.795258334684524
"622",24.0567567567568,0.747486562147513,0.702746665031521,0.79507479493488
"623",24.0954954954955,0.747201589444679,0.702372607600849,0.794891784256395
"624",24.1342342342342,0.746916725385193,0.70199832258158,0.794709298746661
"625",24.172972972973,0.746631969927633,0.701623813671746,0.794527334528051
"626",24.2117117117117,0.746347323030596,0.701249084544662,0.794345887747765
"627",24.2504504504505,0.746062784652695,0.700874138848892,0.79416495457787
"628",24.2891891891892,0.745778354752558,0.700498980208209,0.793984531215331
"629",24.3279279279279,0.745494033288828,0.700123612221569,0.793804613882044
"630",24.3666666666667,0.745209820220165,0.699748038463095,0.793625198824848
"631",24.4054054054054,0.744925715505245,0.699372262482054,0.79344628231555
"632",24.4441441441441,0.744641719102758,0.698996287802855,0.793267860650927
"633",24.4828828828829,0.744357830971411,0.69862011792504,0.793089930152732
"634",24.5216216216216,0.744074051069927,0.698243756323289,0.792912487167693
"635",24.5603603603604,0.743790379357044,0.697867206447426,0.792735528067506
"636",24.5990990990991,0.743506815791517,0.697490471722431,0.792559049248818
"637",24.6378378378378,0.743223360332114,0.69711355554846,0.792383047133216
"638",24.6765765765766,0.742940012937621,0.696736461300863,0.792207518167199
"639",24.7153153153153,0.742656773566841,0.696359192330216,0.792032458822154
"640",24.7540540540541,0.742373642178589,0.69598175196235,0.791857865594321
"641",24.7927927927928,0.742090618731698,0.695604143498391,0.791683735004761
"642",24.8315315315315,0.741807703185017,0.695226370214795,0.79151006359931
"643",24.8702702702703,0.741524895497408,0.694848435363398,0.791336847948535
"644",24.909009009009,0.741242195627754,0.694470342171465,0.791164084647687
"645",24.9477477477477,0.740959603534948,0.694092093841739,0.790991770316649
"646",24.9864864864865,0.740677119177901,0.693713693552506,0.790819901599869
"647",25.0252252252252,0.74039474251554,0.693335144457647,0.790648475166311
"648",25.063963963964,0.740112473506808,0.692956449686709,0.790477487709386
"649",25.1027027027027,0.739830312110662,0.692577612344972,0.790306935946878
"650",25.1414414414414,0.739548258286077,0.692198635513518,0.790136816620882
"651",25.1801801801802,0.739266311992041,0.691819522249308,0.789967126497723
"652",25.2189189189189,0.738984473187559,0.691440275585259,0.789797862367878
"653",25.2576576576577,0.738702741831652,0.691060898530327,0.789629021045898
"654",25.2963963963964,0.738421117883357,0.690681394069587,0.789460599370322
"655",25.3351351351351,0.738139601301724,0.690301765164326,0.789292594203589
"656",25.3738738738739,0.737858192045821,0.689922014752126,0.789125002431951
"657",25.4126126126126,0.737576890074732,0.689542145746961,0.788957820965378
"658",25.4513513513514,0.737295695347555,0.68916216103929,0.788791046737464
"659",25.4900900900901,0.737014607823404,0.688782063496154,0.788624676705332
"660",25.5288288288288,0.736733627461408,0.688401855961276,0.788458707849529
"661",25.5675675675676,0.736452754220714,0.688021541255164,0.78829313717393
"662",25.6063063063063,0.736171988060482,0.687641122175214,0.788127961705629
"663",25.645045045045,0.73589132893989,0.687260601495816,0.787963178494837
"664",25.6837837837838,0.735610776818127,0.686879981968461,0.787798784614769
"665",25.7225225225225,0.735330331654403,0.686499266321854,0.78763477716154
"666",25.7612612612613,0.735049993407941,0.686118457262024,0.787471153254047
"667",25.8,0.734769762037978,0.685737557472438,0.787307910033858
"668",25.8387387387387,0.734489637503771,0.685356569614114,0.787145044665099
"669",25.8774774774775,0.734209619764588,0.684975496325744,0.786982554334332
"670",25.9162162162162,0.733929708779714,0.684594340223803,0.786820436250442
"671",25.954954954955,0.733649904508452,0.684213103902679,0.786658687644514
"672",25.9936936936937,0.733370206910116,0.683831789934783,0.786497305769712
"673",26.0324324324324,0.733090615944039,0.683450400870684,0.786336287901156
"674",26.0711711711712,0.732811131569568,0.68306893923922,0.786175631335803
"675",26.1099099099099,0.732531753746067,0.682687407547633,0.786015333392316
"676",26.1486486486486,0.732252482432913,0.682305808281686,0.785855391410941
"677",26.1873873873874,0.7319733175895,0.681924143905799,0.785695802753381
"678",26.2261261261261,0.731694259175238,0.681542416863167,0.785536564802668
"679",26.2648648648649,0.731415307149551,0.681160629575897,0.785377674963031
"680",26.3036036036036,0.73113646147188,0.680778784445132,0.785219130659772
"681",26.3423423423423,0.730857722101681,0.680396883851183,0.78506092933913
"682",26.3810810810811,0.730579088998425,0.680014930153662,0.784903068468155
"683",26.4198198198198,0.730300562121598,0.67963292569161,0.784745545534575
"684",26.4585585585586,0.730022141430702,0.67925087278363,0.784588358046658
"685",26.4972972972973,0.729743826885256,0.678868773728022,0.784431503533091
"686",26.536036036036,0.729465618444791,0.678486630802914,0.784274979542834
"687",26.5747747747748,0.729187516068858,0.678104446266395,0.784118783644997
"688",26.6135135135135,0.728909519717017,0.677722222356654,0.783962913428696
"689",26.6522522522523,0.728631629348851,0.677339961292106,0.783807366502929
"690",26.690990990991,0.728353844923954,0.676957665271536,0.783652140496433
"691",26.7297297297297,0.728076166401933,0.676575336474226,0.783497233057548
"692",26.7684684684685,0.727798593742417,0.676192977060096,0.783342641854094
"693",26.8072072072072,0.727521126905046,0.675810589169835,0.783188364573221
"694",26.8459459459459,0.727243765849475,0.675428174925041,0.783034398921278
"695",26.8846846846847,0.726966510535377,0.675045736428353,0.782880742623686
"696",26.9234234234234,0.726689360922438,0.674663275763587,0.782727393424787
"697",26.9621621621622,0.72641231697036,0.674280794995874,0.78257434908772
"698",27.0009009009009,0.726135378638862,0.673898296171794,0.782421607394283
"699",27.0396396396396,0.725858545887677,0.673515781319512,0.782269166144791
"700",27.0783783783784,0.725581818676552,0.673133252448914,0.78211702315795
"701",27.1171171171171,0.725305196965253,0.67275071155174,0.781965176270714
"702",27.1558558558559,0.725028680713557,0.672368160601724,0.78181362333815
"703",27.1945945945946,0.72475226988126,0.671985601554725,0.78166236223331
"704",27.2333333333333,0.72447596442817,0.671603036348864,0.781511390847087
"705",27.2720720720721,0.724199764314114,0.671220466904659,0.781360707088083
"706",27.3108108108108,0.723923669498931,0.670837895125158,0.781210308882481
"707",27.3495495495496,0.723647679942478,0.670455322896074,0.781060194173899
"708",27.3882882882883,0.723371795604625,0.670072752085918,0.780910360923265
"709",27.427027027027,0.723096016445259,0.669690184546135,0.780760807108681
"710",27.4657657657658,0.722820342424281,0.669307622111236,0.780611530725288
"711",27.5045045045045,0.722544773501608,0.668925066598929,0.780462529785135
"712",27.5432432432432,0.722269309637173,0.668542519810254,0.780313802317046
"713",27.581981981982,0.721993950790923,0.668159983529712,0.780165346366489
"714",27.6207207207207,0.72171869692282,0.667777459525402,0.780017159995438
"715",27.6594594594595,0.721443547992842,0.667394949549147,0.779869241282253
"716",27.6981981981982,0.721168503960984,0.667012455336626,0.779721588321541
"717",27.7369369369369,0.720893564787253,0.666629978607504,0.779574199224025
"718",27.7756756756757,0.720618730431673,0.666247521065565,0.779427072116421
"719",27.8144144144144,0.720344000854284,0.665865084398835,0.779280205141306
"720",27.8531531531532,0.720069376015139,0.665482670279716,0.779133596456983
"721",27.8918918918919,0.719794855874307,0.665100280365112,0.778987244237361
"722",27.9306306306306,0.719520440391875,0.664717916296556,0.778841146671827
"723",27.9693693693694,0.71924612952794,0.664335579700337,0.778695301965113
"724",28.0081081081081,0.718971923242619,0.663953272187627,0.778549708337176
"725",28.0468468468468,0.718697821496042,0.663570995354605,0.77840436402307
"726",28.0855855855856,0.718423824248355,0.663188750782586,0.778259267272818
"727",28.1243243243243,0.718149931459717,0.66280654003814,0.778114416351291
"728",28.1630630630631,0.717876143090306,0.66242436467322,0.777969809538086
"729",28.2018018018018,0.717602459100311,0.662042226225283,0.777825445127397
"730",28.2405405405405,0.71732887944994,0.661660126217412,0.777681321427897
"731",28.2792792792793,0.717055404099413,0.661278066158442,0.777537436762614
"732",28.318018018018,0.716782033008969,0.660896047543073,0.777393789468813
"733",28.3567567567568,0.716508766138857,0.660514071851999,0.777250377897869
"734",28.3954954954955,0.716235603449345,0.660132140552024,0.777107200415157
"735",28.4342342342342,0.715962544900716,0.659750255096176,0.776964255399922
"736",28.472972972973,0.715689590453265,0.659368416923837,0.776821541245168
"737",28.5117117117117,0.715416740067306,0.65898662746085,0.776679056357542
"738",28.5504504504505,0.715143993703167,0.658604888119638,0.776536799157208
"739",28.5891891891892,0.714871351321189,0.658223200299325,0.776394768077741
"740",28.6279279279279,0.71459881288173,0.657841565385845,0.776252961566003
"741",28.6666666666667,0.714326378345164,0.657459984752063,0.776111378082036
"742",28.7054054054054,0.714054047671878,0.657078459757882,0.775970016098943
"743",28.7441441441441,0.713781820822275,0.656696991750361,0.775828874102776
"744",28.7828828828829,0.713509697756773,0.656315582063827,0.775687950592422
"745",28.8216216216216,0.713237678435807,0.655934232019983,0.775547244079497
"746",28.8603603603604,0.712965762819823,0.655552942928023,0.77540675308823
"747",28.8990990990991,0.712693950869284,0.655171716084741,0.77526647615535
"748",28.9378378378378,0.712422242544672,0.654790552774637,0.775126411829988
"749",28.9765765765766,0.712150637806477,0.654409454270032,0.774986558673555
"750",29.0153153153153,0.711879136615208,0.65402842183117,0.774846915259643
"751",29.0540540540541,0.711607738931391,0.653647456706327,0.774707480173914
"752",29.0927927927928,0.711336444715562,0.653266560131918,0.774568252013998
"753",29.1315315315315,0.711065253928277,0.6528857333326,0.774429229389378
"754",29.1702702702703,0.710794166530103,0.652504977521382,0.774290410921298
"755",29.209009009009,0.710523182481625,0.652124293899722,0.774151795242651
"756",29.2477477477477,0.71025230174344,0.651743683657636,0.774013380997872
"757",29.2864864864865,0.709981524276164,0.651363147973794,0.773875166842852
"758",29.3252252252252,0.709710850040425,0.650982688015632,0.773737151444814
"759",29.363963963964,0.709440278996867,0.650602304939439,0.773599333482229
"760",29.4027027027027,0.709169811106149,0.65022199989047,0.773461711644712
"761",29.4414414414414,0.708899446328944,0.649841774003036,0.773324284632917
"762",29.4801801801802,0.708629184625942,0.649461628400608,0.773187051158444
"763",29.5189189189189,0.708359025957846,0.649081564195912,0.77305000994374
"764",29.5576576576577,0.708088970285376,0.648701582491028,0.772913159722003
"765",29.5963963963964,0.707819017569264,0.648321684377483,0.772776499237081
"766",29.6351351351351,0.707549167770261,0.647941870936349,0.772640027243383
"767",29.6738738738739,0.707279420849129,0.647562143238337,0.77250374250578
"768",29.7126126126126,0.707009776766647,0.647182502343893,0.772367643799512
"769",29.7513513513514,0.70674023548361,0.646802949303285,0.772231729910097
"770",29.7900900900901,0.706470796960825,0.646423485156703,0.772095999633234
"771",29.8288288288288,0.706201461159116,0.646044110934346,0.771960451774714
"772",29.8675675675676,0.705932228039322,0.645664827656511,0.771825085150333
"773",29.9063063063063,0.705663097562297,0.645285636333691,0.771689898585794
"774",29.945045045045,0.705394069688907,0.644906537966656,0.77155489091662
"775",29.9837837837838,0.705125144380037,0.644527533546544,0.771420060988074
"776",30.0225225225225,0.704856321596585,0.644148624054954,0.771285407655057
"777",30.0612612612613,0.704587601299464,0.643769810464025,0.771150929782027
"778",30.1,0.704318983449602,0.643391093736527,0.771016626242922
"779",30.1387387387387,0.704050468007942,0.643012474825948,0.770882495921055
"780",30.1774774774775,0.70378205493544,0.642633954676575,0.770748537709045
"781",30.2162162162162,0.703513744193072,0.642255534223581,0.770614750508728
"782",30.254954954955,0.703245535741824,0.641877214393107,0.770481133231071
"783",30.2936936936937,0.702977429542696,0.641498996102346,0.770347684796088
"784",30.3324324324324,0.70270942555671,0.641120880259623,0.770214404132767
"785",30.3711711711712,0.702441523744894,0.64074286776448,0.770081290178976
"786",30.4099099099099,0.702173724068297,0.640364959507752,0.769948341881395
"787",30.4486486486486,0.701906026487981,0.639987156371651,0.769815558195426
"788",30.4873873873874,0.701638430965021,0.639609459229843,0.769682938085113
"789",30.5261261261261,0.70137093746051,0.639231868947526,0.769550480523079
"790",30.5648648648649,0.701103545935555,0.638854386381511,0.769418184490428
"791",30.6036036036036,0.700836256351275,0.638477012380294,0.769286048976677
"792",30.6423423423423,0.700569068668807,0.638099747784138,0.769154072979685
"793",30.6810810810811,0.700301982849303,0.637722593425144,0.769022255505568
"794",30.7198198198198,0.700034998853927,0.637345550127332,0.768890595568624
"795",30.7585585585586,0.69976811664386,0.636968618706707,0.768759092191268
"796",30.7972972972973,0.699501336180298,0.636591799971341,0.76862774440395
"797",30.836036036036,0.69923465742445,0.636215094721441,0.768496551245077
"798",30.8747747747748,0.69896808033754,0.635838503749423,0.768365511760956
"799",30.9135135135135,0.698701604880811,0.635462027839984,0.768234625005715
"800",30.9522522522523,0.698435231015514,0.635085667770174,0.768103890041217
"801",30.990990990991,0.698168958702919,0.634709424309464,0.767973305937015
"802",31.0297297297297,0.697902787904312,0.634333298219818,0.767842871770268
"803",31.0684684684685,0.697636718580988,0.633957290255761,0.767712586625668
"804",31.1072072072072,0.697370750694263,0.633581401164448,0.767582449595379
"805",31.1459459459459,0.697104884205466,0.633205631685733,0.767452459778975
"806",31.1846846846847,0.696839119075937,0.632829982552235,0.767322616283349
"807",31.2234234234234,0.696573455267035,0.632454454489404,0.767192918222674
"808",31.2621621621622,0.696307892740133,0.632079048215589,0.767063364718323
"809",31.3009009009009,0.696042431456618,0.631703764442104,0.766933954898797
"810",31.3396396396396,0.695777071377891,0.631328603873288,0.766804687899676
"811",31.3783783783784,0.695511812465369,0.630953567206576,0.766675562863545
"812",31.4171171171171,0.695246654680484,0.630578655132558,0.76654657893993
"813",31.4558558558559,0.694981597984681,0.630203868335045,0.766417735285238
"814",31.4945945945946,0.694716642339421,0.629829207491127,0.766289031062693
"815",31.5333333333333,0.69445178770618,0.629454673271242,0.766160465442274
"816",31.5720720720721,0.694187034046447,0.629080266339231,0.766032037600654
"817",31.6108108108108,0.693922381321727,0.628705987352401,0.765903746721138
"818",31.6495495495496,0.69365782949354,0.628331836961586,0.765775591993606
"819",31.6882882882883,0.693393378523419,0.627957815811207,0.765647572614449
"820",31.727027027027,0.693129028372914,0.627583924539328,0.765519687786511
"821",31.7657657657658,0.692864779003587,0.627210163777717,0.765391936719034
"822",31.8045045045045,0.692600630377018,0.626836534151906,0.765264318627597
"823",31.8432432432432,0.692336582454798,0.626463036281244,0.765136832734053
"824",31.881981981982,0.692072635198534,0.626089670778955,0.765009478266485
"825",31.9207207207207,0.691808788569851,0.625716438252197,0.764882254459142
"826",31.9594594594595,0.691545042530382,0.625343339302116,0.764755160552375
"827",31.9981981981982,0.69128139704178,0.624970374523901,0.764628195792599
"828",32.0369369369369,0.691017852065712,0.624597544506838,0.764501359432228
"829",32.0756756756757,0.690754407563855,0.624224849834369,0.764374650729616
"830",32.1144144144144,0.690491063497908,0.623852291084138,0.764248068949016
"831",32.1531531531532,0.690227819829578,0.623479868828051,0.764121613360515
"832",32.1918918918919,0.68996467652059,0.623107583632326,0.763995283239987
"833",32.2306306306306,0.689701633532684,0.622735436057543,0.763869077869044
"834",32.2693693693694,0.689438690827612,0.622363426658701,0.763742996534974
"835",32.3081081081081,0.689175848367142,0.621991555985266,0.763617038530697
"836",32.3468468468468,0.688913106113058,0.621619824581221,0.763491203154718
"837",32.3855855855856,0.688650464027155,0.621248232985117,0.763365489711062
"838",32.4243243243243,0.688387922071247,0.620876781730125,0.763239897509244
"839",32.4630630630631,0.688125480207161,0.620505471344081,0.763114425864204
"840",32.5018018018018,0.687863138396734,0.62013430234954,0.762989074096258
"841",32.5405405405405,0.687600896601825,0.61976327526382,0.762863841531067
"842",32.5792792792793,0.687338754784303,0.619392390599052,0.762738727499568
"843",32.618018018018,0.687076712906051,0.619021648862227,0.762613731337935
"844",32.6567567567568,0.686814770928971,0.618651050555243,0.762488852387541
"845",32.6954954954955,0.686552928814973,0.618280596174953,0.762364089994892
"846",32.7342342342342,0.686291186525988,0.617910286213207,0.762239443511599
"847",32.772972972973,0.686029544023957,0.617540121156903,0.762114912294322
"848",32.8117117117117,0.685768001270837,0.617170101488027,0.761990495704727
"849",32.8504504504505,0.685506558228601,0.616800227683704,0.761866193109445
"850",32.8891891891892,0.685245214859234,0.616430500216234,0.761742003880021
"851",32.9279279279279,0.684983971124737,0.616060919553146,0.761617927392872
"852",32.9666666666667,0.684722826987125,0.615691486157233,0.76149396302925
"853",33.0054054054054,0.684461782408427,0.615322200486597,0.761370110175191
"854",33.0441441441441,0.684200837350688,0.614953062994698,0.76124636822147
"855",33.0828828828829,0.683939991775966,0.614584074130386,0.761122736563571
"856",33.1216216216216,0.683679245646334,0.614215234337951,0.760999214601636
"857",33.1603603603604,0.683418598923879,0.613846544057161,0.760875801740419
"858",33.1990990990991,0.683158051570703,0.613478003723304,0.760752497389258
"859",33.2378378378378,0.682897603548924,0.613109613767227,0.760629300962027
"860",33.2765765765766,0.68263725482067,0.61274137461538,0.760506211877085
"861",33.3153153153153,0.682377005348089,0.612373286689851,0.760383229557265
"862",33.3540540540541,0.682116855093339,0.61200535040841,0.760260353429801
"863",33.3927927927928,0.681856804018594,0.611637566184546,0.760137582926309
"864",33.4315315315315,0.681596852086043,0.611269934427503,0.760014917482746
"865",33.4702702702703,0.681336999257889,0.610902455542326,0.759892356539367
"866",33.509009009009,0.681077245496348,0.610535129929891,0.759769899540685
"867",33.5477477477477,0.680817590763654,0.610167957986947,0.759647545935445
"868",33.5864864864865,0.680558035022051,0.609800940106151,0.759525295176572
"869",33.6252252252252,0.680298578233801,0.609434076676109,0.759403146721142
"870",33.663963963964,0.680039220361178,0.609067368081407,0.759281100030347
"871",33.7027027027027,0.679779961366472,0.608700814702651,0.759159154569453
"872",33.7414414414414,0.679520801211986,0.608334416916503,0.759037309807768
"873",33.7801801801802,0.679261739860038,0.607968175095712,0.758915565218606
"874",33.8189189189189,0.679002777272961,0.607602089609156,0.758793920279248
"875",33.8576576576577,0.678743913413102,0.607236160821872,0.758672374470916
"876",33.8963963963964,0.678485148242821,0.606870389095091,0.758550927278728
"877",33.9351351351351,0.678226481724494,0.606504774786274,0.758429578191666
"878",33.9738738738739,0.677967913820511,0.606139318249146,0.758308326702552
"879",34.0126126126126,0.677709444493277,0.605774019833727,0.758187172308003
"880",34.0513513513514,0.677451073705208,0.605408879886365,0.758066114508398
"881",34.0900900900901,0.677192801418739,0.605043898749775,0.757945152807857
"882",34.1288288288288,0.676934627596316,0.604679076763062,0.75782428671419
"883",34.1675675675676,0.6766765522004,0.604314414261763,0.757703515738882
"884",34.2063063063063,0.67641857519347,0.60394991157787,0.757582839397056
"885",34.245045045045,0.676160696538012,0.603585569039869,0.757462257207429
"886",34.2837837837838,0.675902916196532,0.603221386972766,0.757341768692297
"887",34.3225225225225,0.675645234131548,0.602857365698123,0.757221373377501
"888",34.3612612612613,0.675387650305596,0.602493505534082,0.757101070792388
"889",34.4,0.675130164681219,0.602129806795405,0.756980860469782
"890",34.4387387387387,0.67487277722098,0.601766269793492,0.756860741945966
"891",34.4774774774775,0.674615487887457,0.601402894836423,0.756740714760638
"892",34.5162162162162,0.674358296643237,0.601039682228978,0.756620778456884
"893",34.554954954955,0.674101203450925,0.600676632272674,0.756500932581156
"894",34.5936936936937,0.673844208273142,0.600313745265786,0.756381176683239
"895",34.6324324324324,0.673587311072517,0.599951021503384,0.756261510316211
"896",34.6711711711712,0.6733305118117,0.599588461277355,0.756141933036443
"897",34.7099099099099,0.673073810453351,0.599226064876436,0.756022444403533
"898",34.7486486486486,0.672817206960145,0.598863832586235,0.755903043980312
"899",34.7873873873874,0.672560701294774,0.598501764689269,0.755783731332796
"900",34.8261261261261,0.67230429341994,0.598139861464982,0.755664506030161
"901",34.8648648648649,0.672047983298362,0.597778123189775,0.755545367644729
"902",34.9036036036036,0.671791770892772,0.597416550137037,0.755426315751925
"903",34.9423423423423,0.671535656165917,0.597055142577165,0.755307349930253
"904",34.9810810810811,0.671279639080557,0.596693900777596,0.755188469761283
"905",35.0198198198198,0.671023719599469,0.596332825002828,0.755069674829609
"906",35.0585585585586,0.67076789768544,0.595971915514451,0.754950964722825
"907",35.0972972972973,0.670512173301275,0.595611172571167,0.754832339031517
"908",35.136036036036,0.670256546409791,0.595250596428823,0.754713797349211
"909",35.1747747747748,0.670001016973819,0.594890187340428,0.754595339272365
"910",35.2135135135135,0.669745584956206,0.594529945556181,0.754476964400346
"911",35.2522522522523,0.669490250319812,0.594169871323499,0.75435867233539
"912",35.290990990991,0.66923501302751,0.593809964887037,0.754240462682592
"913",35.3297297297297,0.668979873042191,0.593450226488711,0.754122335049879
"914",35.3684684684685,0.668724830326756,0.59309065636773,0.754004289047977
"915",35.4072072072072,0.66846988484412,0.59273125476061,0.753886324290398
"916",35.4459459459459,0.668215036557218,0.592372021901203,0.753768440393416
"917",35.4846846846847,0.667960285428991,0.592012958020721,0.753650636976029
"918",35.5234234234234,0.667705631422399,0.591654063347754,0.753532913659957
"919",35.5621621621622,0.667451074500418,0.591295338108296,0.753415270069609
"920",35.6009009009009,0.667196614626032,0.590936782525772,0.753297705832051
"921",35.6396396396396,0.666942251762244,0.590578396821052,0.753180220577001
"922",35.6783783783784,0.666687985872069,0.590220181212478,0.7530628139368
"923",35.7171171171171,0.666433816918537,0.589862135915884,0.752945485546378
"924",35.7558558558559,0.666179744864691,0.589504261144622,0.752828235043256
"925",35.7945945945946,0.665925769673591,0.589146557109578,0.752711062067505
"926",35.8333333333333,0.665671891308306,0.588789024019197,0.752593966261724
"927",35.8720720720721,0.665418109731924,0.588431662079502,0.752476947271039
"928",35.9108108108108,0.665164424907545,0.588074471494116,0.75236000474306
"929",35.9495495495496,0.664910836798282,0.587717452464285,0.752243138327866
"930",35.9882882882883,0.664657345367265,0.587360605188893,0.752126347677996
"931",36.027027027027,0.664403950577634,0.587003929864488,0.752009632448413
"932",36.0657657657658,0.664150652392546,0.5866474266853,0.751892992296489
"933",36.1045045045045,0.663897450775174,0.586291095843258,0.751776426881996
"934",36.1432432432432,0.663644345688698,0.585934937528016,0.751659935867062
"935",36.181981981982,0.663391337096319,0.585578951926969,0.75154351891618
"936",36.2207207207207,0.663138424961251,0.58522313922527,0.751427175696166
"937",36.2594594594595,0.662885609246717,0.584867499605855,0.751310905876145
"938",36.2981981981982,0.662632889915959,0.584512033249457,0.751194709127544
"939",36.3369369369369,0.662380266932233,0.584156740334628,0.751078585124061
"940",36.3756756756757,0.662127740258805,0.583801621037757,0.750962533541641
"941",36.4144144144144,0.661875309858959,0.583446675533088,0.750846554058476
"942",36.4531531531532,0.661622975695992,0.583091903992737,0.750730646354973
"943",36.4918918918919,0.661370737733213,0.582737306586714,0.750614810113732
"944",36.5306306306306,0.661118595933948,0.582382883482938,0.750499045019545
"945",36.5693693693694,0.660866550261535,0.582028634847255,0.750383350759364
"946",36.6081081081081,0.660614600679325,0.581674560843459,0.750267727022279
"947",36.6468468468468,0.660362747150687,0.581320661633302,0.750152173499522
"948",36.6855855855856,0.660110989639001,0.580966937376522,0.750036689884429
"949",36.7243243243243,0.659859328107659,0.58061338823085,0.749921275872424
"950",36.7630630630631,0.659607762520071,0.580260014352035,0.749805931161019
"951",36.8018018018018,0.65935629283966,0.579906815893854,0.749690655449783
"952",36.8405405405405,0.659104919029861,0.579553793008136,0.749575448440315
"953",36.8792792792793,0.658853641054124,0.579200945844771,0.74946030983626
"954",36.918018018018,0.658602458875915,0.578848274551733,0.74934523934326
"955",36.9567567567568,0.65835137245871,0.578495779275093,0.749230236668952
"956",36.9954954954955,0.658100381766003,0.578143460159032,0.749115301522956
"957",37.0342342342342,0.657849486761297,0.577791317345867,0.749000433616843
"958",37.072972972973,0.657598687408114,0.577439350976055,0.748885632664141
"959",37.1117117117117,0.657347983669987,0.577087561188217,0.7487708983803
"960",37.1504504504504,0.657097375510463,0.576735948119149,0.748656230482683
"961",37.1891891891892,0.656846862893105,0.576384511903839,0.748541628690562
"962",37.2279279279279,0.656596445781488,0.576033252675483,0.748427092725079
"963",37.2666666666667,0.656346124139199,0.5756821705655,0.748312622309248
"964",37.3054054054054,0.656095897929845,0.575331265703545,0.748198217167944
"965",37.3441441441441,0.65584576711704,0.574980538217526,0.748083877027872
"966",37.3828828828829,0.655595731664416,0.574629988233617,0.747969601617558
"967",37.4216216216216,0.655345791535618,0.574279615876273,0.74785539066735
"968",37.4603603603604,0.655095946694304,0.573929421268248,0.747741243909373
"969",37.4990990990991,0.654846197104146,0.573579404530603,0.747627161077543
"970",37.5378378378378,0.654596542728832,0.573229565782723,0.747513141907543
"971",37.5765765765766,0.654346983532062,0.572879905142334,0.747399186136802
"972",37.6153153153153,0.654097519477547,0.572530422725512,0.747285293504483
"973",37.6540540540541,0.653848150529019,0.572181118646701,0.747171463751488
"974",37.6927927927928,0.653598876650218,0.571831993018723,0.747057696620412
"975",37.7315315315315,0.653349697804898,0.571483045952794,0.746943991855555
"976",37.7702702702703,0.653100613956831,0.571134277558535,0.746830349202904
"977",37.809009009009,0.652851625069798,0.570785687943992,0.746716768410105
"978",37.8477477477477,0.652602731107596,0.570437277215638,0.746603249226466
"979",37.8864864864865,0.652353932034037,0.570089045478395,0.746489791402942
"980",37.9252252252252,0.652105227812946,0.569740992835644,0.746376394692116
"981",37.963963963964,0.651856618408159,0.569393119389238,0.746263058848181
"982",38.0027027027027,0.651608103783531,0.569045425239515,0.746149783626947
"983",38.0414414414414,0.651359683902925,0.568697910485309,0.746036568785807
"984",38.0801801801802,0.651111358730222,0.568350575223964,0.745923414083738
"985",38.1189189189189,0.650863128229316,0.568003419551346,0.745810319281285
"986",38.1576576576577,0.650614992364113,0.567656443561857,0.745697284140539
"987",38.1963963963964,0.650366951098534,0.567309647348443,0.745584308425148
"988",38.2351351351351,0.650119004396517,0.566963031002608,0.745471391900284
"989",38.2738738738739,0.649871152222005,0.56661659461443,0.745358534332627
"990",38.3126126126126,0.649623394538964,0.566270338272566,0.745245735490383
"991",38.3513513513514,0.64937573131137,0.565924262064267,0.745132995143242
"992",38.3900900900901,0.649128162503209,0.565578366075391,0.745020313062373
"993",38.4288288288288,0.64888068807849,0.565232650390411,0.744907689020432
"994",38.4675675675676,0.648633308001226,0.56488711509243,0.744795122791519
"995",38.5063063063063,0.648386022235449,0.564541760263191,0.74468261415119
"996",38.545045045045,0.648138830745204,0.564196585983086,0.744570162876445
"997",38.5837837837838,0.647891733494549,0.563851592331169,0.744457768745699
"998",38.6225225225225,0.647644730447554,0.563506779385169,0.744345431538786
"999",38.6612612612613,0.647397821568309,0.563162147221497,0.744233151036956
"1000",38.7,0.64715100682091,0.562817695915259,0.744120927022834
